;;;;;;;;;;;;;x,,,;;;;;;;;;;;;;;;;;;;;;;;;;;;;;;;;;;;;;;
permanent_colonial_claim;Восстановить контроль над колонией;;;;;;;;;;;;;x,,,;;;;;;;;;;;;;;;;;;;;;;;;;;;;;;;;;;;;;
permanent_colonial_claim_short;Восстановить контроль над колонией;;;;;;;;;;;;;;;;;;;;;;;;;;;;;;;;;;;;;;;;;;;;;;;;;;
permanent_colonial_claim_desc;Acquire a §Ystate§W that is a §Yrightful colony§W of ours according to the Great Powers Conference.;;;;;;;;;;;;;;;;;;;;;;;;;;;;;x,,;;;;;;;;;;;;;;;;;;;;;
permanent_colonial_claim_setup;Acquire $STATE$ from $RECIPIENT$.;;;;;;;;;;;;;;;;;;;;;;;;;;;;;x,,;;;;;;;;;;;;;;;;;;;;;
AGRESSION_WAR_NAME_REPARATIONS_PEU_CHL;$ORDER$War of the Pacific;;;;;;;;;;;;;;;;;;;;;;;;x;;;;;;;;;;;;;;;;;;;;;;;;;;
AGRESSION_WAR_NAME_REPARATIONS_BOL_CHL;$ORDER$War of the Pacific;;;;;;;;;;;;;;;;;;;;;;;;x;;;;;;;;;;;;;;;;;;;;;;;;;;
AGRESSION_WAR_NAME_REPARATIONS_CHL_PBC;$ORDER$War of the Confederation;;;;;;;;;;;;;;;;;;;;;;;;x;;;;;;;;;;;;;;;;;;;;;;;;;;
NORMAL_WAR_NAME_REPARATIONS_CHL_PBC;$ORDER$War of the Confederation;;;;;;;;;;;;;;;;;;;;;;;;x;;;;;;;;;;;;;;;;;;;;;;;;;;
AGRESSION_CUT_DOWN_TO_SIZE_WAR_NAME_CHL_PBC;$ORDER$War of the Confederation;;;;;;;;;;;;;;;;;;;;;;;;x;;;;;;;;;;;;;;;;;;;;;;;;;;
NORMAL_CUT_DOWN_TO_SIZE_WAR_NAME_CHL_PBC;$ORDER$War of the Confederation;;;;;;;;;;;;;;;;;;;;;;;;x;;;;;;;;;;;;;;;;;;;;;;;;;;
NORMAL_WAR_NAME_REPARATIONS;$ORDER$$FIRST$-$SECOND$ War;;;;;;;;;;;;;;;;;;;;;;;;;;;;;x;;;;;;;;;;;;;;;;;;;;;
AGRESSION_WAR_NAME_REPARATIONS;$ORDER$War of $FIRST$ Aggression;;;;;;;;;;;;;;;;;;;;;;;;;;;;;x;;;;;;;;;;;;;;;;;;;;;
war_reparations;Репарации;;;;;;;;;;;;;;;;;;;;;;;;;;;;;x,,;;;;;;;;;;;;;;;;;;;;;
war_reparations_desc;Demand §Yreparations§W from another country.;;;;;;;;;;;;;;;;;;;;;;;;;;;;;x,,;;;;;;;;;;;;;;;;;;;;;
war_reparations_short;Demand Reparations;;;;;;;;;;;;;;;;;;;;;;;;;;;;;x,,;;;;;;;;;;;;;;;;;;;;;
war_reparations_setup;Demand §Yreparations§W from another country.;;;;;;;;;;;;;;;;;;;;;;;;;;;;;x,,;;;;;;;;;;;;;;;;;;;;;
install_democracy_make_puppet;Install a Democratic Puppet;;;;;;;;;;;;;;;;;;;;;;x;;;;;;;;;;;;;;,,,;;;;;;;;;;;;;;
install_democracy_make_puppet_desc;Install a §Ydemocratic puppet government§W in the country's capital;;;;;;;;;;;;;;;x;;;;;;;;;;;;;;,,,;;;;;;;;;;;;;;;;;;;;;
install_democracy_make_puppet_short;Install a democratic puppet government in $RECIPIENT$;;;;;;;;;;;;;;;;;;;;;;;;;;x;;;;;;;;;;;;;;,,,;;;;;;;;;;
install_democracy_make_puppet_setup;Install a democratic puppet government in $RECIPIENT$;;;;;;;;;;;;;;;;;;;;;;;x;;;;;;;;;;;;;;,,,;;;;;;;;;;;;;
install_communism_make_puppet;Install a Communist Puppet;;;;;;;;;;;;;;;;;;;;;;x;;;;;;;;;;;;;;,,,;;;;;;;;;;;;;;
install_communism_make_puppet_desc;Install a §Ycommunist puppet government§W in the country's capital;;;;;;;;;;;;;;;x;;;;;;;;;;;;;;,,,;;;;;;;;;;;;;;;;;;;;;
install_communism_make_puppet_short;Install a communist puppet government in $RECIPIENT$;;;;;;;;;;;;;;;;;;;;;;;;;;x;;;;;;;;;;;;;;,,,;;;;;;;;;;
install_communism_make_puppet_setup;Install a communist puppet government in $RECIPIENT$;;;;;;;;;;;;;;;;;;;;;;;x;;;;;;;;;;;;;;,,,;;;;;;;;;;;;;
install_fascism_make_puppet;Install a Fascist Puppet;;;;;;;;;;;;;;;;;;;;;;x;;;;;;;;;;;;;;,,,;;;;;;;;;;;;;;
install_fascism_make_puppet_desc;Install a §Yfascist puppet government§W in the country's capital;;;;;;;;;;;;;;;x;;;;;;;;;;;;;;,,,;;;;;;;;;;;;;;;;;;;;;
install_fascism_make_puppet_short;Install a fascist puppet government in $RECIPIENT$;;;;;;;;;;;;;;;;;;;;;;;;;;x;;;;;;;;;;;;;;,,,;;;;;;;;;;
install_fascism_make_puppet_setup;Install a fascist puppet government in $RECIPIENT$;;;;;;;;;;;;;;;;;;;;;;;x;;;;;;;;;;;;;;,,,;;;;;;;;;;;;;
NORMAL_WAR_LIBERATE_NAME_FRA_EGY;$ORDER$Французская интервенция в Египет;;;;;;;;;;;;;;;;;;;;;;;;x;;;;;;;;;;;;;;;;;;;;;;;;;;
NORMAL_WAR_LIBERATE_NAME_NET_EGY;$ORDER$Голландская интервенция в Египет;;;;;;;;;;;;;;;;;;;;;;;;x;;;;;;;;;;;;;;;;;;;;;;;;;;
NORMAL_WAR_LIBERATE_NAME_SPA_EGY;$ORDER$Испанская интервенция в Египет;;;;;;;;;;;;;;;;;;;;;;;;x;;;;;;;;;;;;;;;;;;;;;;;;;;
NORMAL_WAR_LIBERATE_NAME_AUS_EGY;$ORDER$Австрийская интервенция в Египет;;;;;;;;;;;;;;;;;;;;;;;;x;;;;;;;;;;;;;;;;;;;;;;;;;;
NORMAL_WAR_LIBERATE_NAME_RUS_EGY;$ORDER$Русская интервенция в Египет;;;;;;;;;;;;;;;;;;;;;;;;x;;;;;;;;;;;;;;;;;;;;;;;;;;
NORMAL_WAR_LIBERATE_NAME_PRU_EGY;$ORDER$Прусская интервенция в Египет;;;;;;;;;;;;;;;;;;;;;;;;x;;;;;;;;;;;;;;;;;;;;;;;;;;
NORMAL_WAR_LIBERATE_NAME_ENG_EGY;$ORDER$Британская интервенция в Египет;;;;;;;;;;;;;;;;;;;;;;;;x;;;;;;;;;;;;;;;;;;;;;;;;;;
AGRESSION_WAR_NAME_TUR_ITA;$ORDER$Итало-турецкая война;;;;;;;;;;;;;;;;;;;;;;;;;;;;;x;;;;;;;;;;;;;;;;;;;;;
NORMAL_WAR_PUPPET_NAME_QNG_PGG;$ORDER$Пантайское восстание;;;;;;;;;;;;;;;;;;;;;;;;;;;;;x;;;;;;;;;;;;;;;;;;;;;
NORMAL_WAR_PUPPET_NAME_QNG_UYG;$ORDER$Дунганское восстание;;;;;;;;;;;;;;;;;;;;;;;;;;;;;x;;;;;;;;;;;;;;;;;;;;;
NORMAL_WAR_CONQUEST_ANY_NAME_QNG_XBI;$ORDER$Дунганское восстание;;;;;;;;;;;;;;;;;;;;;;;;;;;;;x;;;;;;;;;;;;;;;;;;;;;
AGRESSION_WAR_CONQUEST_ANY_NAME_BHR_QAT;$ORDER$Катарско-бахрейнская война;;;;;;;;;;;;;;;;;;;;;;;;;;;;;x;;;;;;;;;;;;;;;;;;;;;
NORMAL_WAR_CONQUEST_ANY_NAME_BHR_QAT;$ORDER$Катарско-бахрейнская война;;;;;;;;;;;;;;;;;;;;;;;;;;;;;x;;;;;;;;;;;;;;;;;;;;;
AGRESSION_WAR_CONQUEST_ANY_NAME_RUS_CIR;$ORDER$Русско-черкесская война;;;;;;;;;;;;;;;;;;;;;;;;;;;;;x;;;;;;;;;;;;;;;;;;;;;
NORMAL_WAR_CONQUEST_ANY_NAME_RUS_CIR;$ORDER$Русско-черкесская война;;;;;;;;;;;;;;;;;;;;;;;;;;;;;x;;;;;;;;;;;;;;;;;;;;;
AGRESSION_WAR_CONQUEST_ANY_NAME_RUS_DAG;$ORDER$Муридская война;;;;;;;;;;;;;;;;;;;;;;;;;;;;;x;;;;;;;;;;;;;;;;;;;;;
NORMAL_WAR_CONQUEST_ANY_NAME_RUS_DAG;$ORDER$Муридская война;;;;;;;;;;;;;;;;;;;;;;;;;;;;;x;;;;;;;;;;;;;;;;;;;;;
AGRESSION_WAR_CONQUEST_ANY_NAME_ENG_PNJ;$ORDER$Англо-Сикхская война;;;;;;;;;;;;;;;;;;;;;;;;;;;;;x;;;;;;;;;;;;;;;;;;;;;
NORMAL_WAR_CONQUEST_ANY_NAME_ENG_PNJ;$ORDER$Англо-Сикхская война;;;;;;;;;;;;;;;;;;;;;;;;;;;;;x;;;;;;;;;;;;;;;;;;;;;
NORMAL_CIVIL_WAR_NAME_ARC_ENT;$ORDER$Лаплатская война;;;;;;;;;;;;;;;;;;;;;;;;;;;;;;;x;;;;;;;;;;;;;;;;;;;
AGRESSION_CIVIL_WAR_NAME_ARC_ENT;$ORDER$Лаплатская война;;;;;;;;;;;;;;;;;;;;;;;;;;;;;;;x;;;;;;;;;;;;;;;;;;;
NO_ALLOWED_STATES;(Нет применимых государств).;;;;;;;;;;;;;;;;;;;;;;;;;;x;;;;;;;;;;;;;;;;;;;;;;;;
po_reduce_prestige;Престиж уменьшен на §R-$VALUE$§W.;;;;;;;;;;;;;;;;;;;;;;;;;;;;;;;;;;;;;x;;;;;;;;;;;;;
NORMAL_PUNITIVE_EXPEDITION_WAR_NAME;$ORDER$$FIRST$-$SECOND$ Война;;;;;;;;;;;;;;;;;;;;x,,,;;;;;;;;;;;;;;;;;;;;;;;;;;;;;;
AGRESSION_PUNITIVE_EXPEDITION_WAR_NAME;$ORDER$$FIRST$-$SECOND$ Война;;;;;;;;;;;;;;;;;;;;x,,,;;;;;;;;;;;;;;;;;;;;;;;;;;;;;;
NORMAL_PUNITIVE_EXPEDITION_WAR_NAME_ENG_QNG;$ORDER$Опиумная война;;;;;;;;;;;;;;;;;x,,,;;;;;;;;;;;;;;;;;;;;;;;;;;;;;;;;;
treaty_port_casus_belli;Карательная акция;;;;;;;;;;;;;;;x;;;;;;;;;;;;;;;;;;;;;;;;;;;;;;;;;;;
treaty_port_casus_belli_desc;Заставьте §Yстрану§W договориться о §Неравном договоре§W, который включает §Yдоговорный порт§W, если таковой имеется.;;;;;;;;;;;;;;;;x;;;;;;;;;;;;;;;;;;;;;;;;;;;;;;;;;;
treaty_port_casus_belli_short;Подписать Неравный договор;;;;;;;;;;;;;;;;;;;;;;x;;;;;;;;;;;;;;;;;;;;;;;;;;;;
treaty_port_casus_belli_setup;Заставьте §Yстрану§W договориться о §Неравном договоре§W, который включает §Yдоговорный порт§W, если таковой имеется.;;;;;;;;;;;;;;;;;;;;;;;x;;;;;;;;;;;;;;;;;;;;;;;;;;;
NORMAL_WAR_CONQUEST_NAME_HAI_DOM;$ORDER$Доминиканская война за независимость;;;;;;;;;;;;x,,,;;;;;;;;;;;;;;;;;;;;;;;;;;;;;;;;;;;;;;
AGRESSION_WAR_CONQUEST_NAME_HAI_DOM;$ORDER$Доминиканская война за независимость;;;;;;;;;;;;x,,,;;;;;;;;;;;;;;;;;;;;;;;;;;;;;;;;;;;;;;
AGRESSION_WAR_GUNBOAT_NAME;Канонерская дипломатия;;;;;;;;;;;;;x,,,;;;;;;;;;;;;;;;;;;;;;;;;;;;;;;;;;;;;;
status_quo;Белый мир;;;;;;;;;;;;;x,,,;;;;;;;;;;;;;;;;;;;;;;;;;;;;;;;;;;;;;
AGRESSION_WAR_BOXER_NAME;Боксерское восстание;;;;;;;;;;;;;x,,,;;;;;;;;;;;;;;;;;;;;;;;;;;;;;;;;;;;;;
call_allies_cb;Призвать союзников;;;;;;;;;;;;;x,,,;;;;;;;;;;;;;;;;;;;;;;;;;;;;;;;;;;;;;
call_allies_cb_desc;Призвать союзников в войну;;;;;;;;;;;;;x,,,;;;;;;;;;;;;;;;;;;;;;;;;;;;;;;;;;;;;;
AGRESSION_WAR_ALL_CORES_NAME;$ORDER$Война $FIRST$ освобождения;;;;;;;;;;;;;x,,,;;;;;;;;;;;;;;;;;;;;;;;;;;;;;;;;;;;;;
NORMAL_WAR_ALL_CORES_NAME;$ORDER$Война $FIRST$ освобождения;;;;;;;;;;;;;x,,,;;;;;;;;;;;;;;;;;;;;;;;;;;;;;;;;;;;;;
AGRESSION_WAR_HUMILIATE_NAME;$ORDER$$FIRST$ Уничижительная война против $SECOND$;$ORDER$ guerre pour l'honneur $FIRST$-$SECOND$;$ORDER$$FIRST$-$SECOND$ Krieg der Ehre;;;;;;;;;;;x,,,;;;;;;;;;;;;;;;;;;;;;;;;;;;;;;;;;;;;;
AGRESSION_WAR_PUPPET_NAME;$ORDER$Война $FIRST$ за контроль над $SECOND_COUNTRY$;$ORDER$ guerre de $FIRST$ pour le contrфle de $SECOND_COUNTRY$;$ORDER$ Krieg um die Kontrolle von $FIRST$ ьber $SECOND_COUNTRY$;;;;;;;;;;;x,,,;;;;;;;;;;;;;;;;;;;;;;;;;;;;;;;;;;;;;
NORMAL_CUT_DOWN_TO_SIZE_WAR_NAME;$ORDER$$FIRST$-$SECOND$ Война;Guerre $ORDER$$FIRST$-$SECOND$;$ORDER$$FIRST$-$SECOND$er Krieg;Baza;Guerra $ORDER$$FIRST$-$SECOND$;Base:;Alap:;Zбkladna:;;;;;;x,,,;;;;;;;;;;;;;;;;;;;;;;;;;;;;;;;;;;;;;
AGRESSION_CUT_DOWN_TO_SIZE_WAR_NAME;$ORDER$Война $FIRST$ агрессии;$ORDER$$FIRST$ guerre d'aggression;$ORDER$$FIRST$er Angriffskrieg;Wojna $ORDER$$FIRST$-$SECOND$;$ORDER$Guerra de $FIRST$ agresiуn;$ORDER$ Guerra $FIRST$-$SECOND$;$ORDER$$FIRST$-$SECOND$ hбbor?$ORDER$$FIRST$-$SECOND$ vбlka;;;;;;x,,,;;;;;;;;;;;;;;;;;;;;;;;;;;;;;;;;;;;;;;
NORMAL_WAR_DISMANTLE_NAME;$ORDER$$FIRST$ Война за роспуск $SECOND$ империи;Grande Guerre $ORDER$$FIRST$-$SECOND$;$ORDER$$FIRST$-$SECOND$ GrцЯer Krieg;Baza;Base:;Base:;Alap:;Zбkladna:;;;;;;;x;;;;;;;;;;;;;;,,,;;;;;;;;;;;;;;;;;;;;;;
AGRESSION_WAR_DISMANTLE_NAME;$ORDER$ Война $FIRST$ агрессии;$ORDER$ Offensive Militaire $FIRST$;$ORDER$ $FIRST$ Angriffskrieg;Wojna $ORDER$$FIRST$-$SECOND$;Guerra $ORDER$$FIRST$-$SECOND$;$ORDER$ Guerra $FIRST$-$SECOND$;$ORDER$$FIRST$-$SECOND$ hбbor?$ORDER$$FIRST$-$SECOND$ vбlka;;;;;;;x;;;;;;;;;;;;;;,,,;;;;;;;;;;;;;;;;;;;;;;;
NORMAL_WAR_AUSTRIAN_EMPIRE_NAME;$ORDER$$FIRST$-$SECOND$ Война имперской реставрации;;;;;;;;;;;;;x,,,;;;;;;;;;;;;;;;;;;;;;;;;;;;;;;;;;;;;;
AGRESSION_WAR_AUSTRIAN_EMPIRE_NAME;$ORDER$$FIRST$-$SECOND$ Война имперской реставрации;;;;;;;;;;;;;x,,,;;;;;;;;;;;;;;;;;;;;;;;;;;;;;;;;;;;;;
NORMAL_WAR_FREE_BALKANS_NAME;$ORDER$$FIRST$-$SECOND$ Балканская война;;;;;;;;;;;;;x,,,;;;;;;;;;;;;;;;;;;;;;;;;;;;;;;;;;;;;;
AGRESSION_WAR_FREE_BALKANS_NAME;$ORDER$$FIRST$-$SECOND$ Балканская война;;;;;;;;;;;;;x,,,;;;;;;;;;;;;;;;;;;;;;;;;;;;;;;;;;;;;;
NORMAL_WAR_MONROE_DOCTRINE_NAME;$ORDER$$FIRST$-$SECOND$ Антиимпериалистическая война;;;;;;;;;;;;;x,,,;;;;;;;;;;;;;;;;;;;;;;;;;;;;;;;;;;;;;
AGRESSION_WAR_MONROE_DOCTRINE_NAME;$ORDER$$FIRST$-$SECOND$ Антиимпериалистическая война;;;;;;;;;;;;;x,,,;;;;;;;;;;;;;;;;;;;;;;;;;;;;;;;;;;;;;
NORMAL_WAR_RESTORE_AMERICA_NAME;$ORDER$$FIRST$-$SECOND$ Война американской реставрации;;;;;;;;;;;;;x,,,;;;;;;;;;;;;;;;;;;;;;;;;;;;;;;;;;;;;;
AGRESSION_WAR_RESTORE_AMERICA_NAME;$ORDER$$FIRST$-$SECOND$ Война американской реставрации;;;;;;;;;;;;;x,,,;;;;;;;;;;;;;;;;;;;;;;;;;;;;;;;;;;;;;
NORMAL_WAR_HOLY_LAND_NAME;$ORDER$$FIRST$-$SECOND$ Левантийская война;;;;;;;;;;;;;x,,,;;;;;;;;;;;;;;;;;;;;;;;;;;;;;;;;;;;;;
AGRESSION_WAR_HOLY_LAND_NAME;$ORDER$$FIRST$-$SECOND$ Левантийская война;;;;;;;;;;;;;x,,,;;;;;;;;;;;;;;;;;;;;;;;;;;;;;;;;;;;;;
NORMAL_WAR_BRITISH_RAJ_NAME;$ORDER$$SECOND$ Война британского владычества;;;;;;;;;;;;;x,,,;;;;;;;;;;;;;;;;;;;;;;;;;;;;;;;;;;;;;
AGRESSION_WAR_BRITISH_RAJ_NAME;$ORDER$$SECOND$ Война британского владычества;;;;;;;;;;;;;x,,,;;;;;;;;;;;;;;;;;;;;;;;;;;;;;;;;;;;;;
NORMAL_CIVIL_WAR_NAME_USA_FSA;$ORDER$Американская гражданская война;$ORDER$ guerre de rйbellion;$ORDER$Rebellionskrieg;;;;;;;;;;;x,,,;;;;;;;;;;;;;;;;;;;;;;;;;;;;;;;;;;;;;
NORMAL_CIVIL_WAR_NAME_USA_CSA_USA;$ORDER$Американская гражданская война;$ORDER$ guerre de rйbellion;$ORDER$Rebellionskrieg;;;;;;;;;;;x;;;;;;;;;;;;;;;;;;;;;;;;;;;;;;;;;;;;;
NORMAL_WAR_CHINA_REUNIFICATION;$ORDER$ Война китайского воссоединения;Guerre $ORDER$$FIRST$-$SECOND$;$ORDER$$FIRST$-$SECOND$ Krieg;Baza;Base:;Base:;Alap:;Zбkladna:;;;;;;;x;;;;;;;;;;;;;;,,,;;;;;;;;;;;;;;;;;;;;;;
AGRESSION_WAR_CHINA_REUNIFICATION;$ORDER$ Война китайского воссоединения;Guerre $ORDER$$FIRST$-$SECOND$;$ORDER$$FIRST$-$SECOND$ Krieg;Baza;Base:;Base:;Alap:;Zбkladna:;;;;;;;x;;;;;;;;;;;;;;,,,;;;;;;;;;;;;;;;;;;;;;;
NORMAL_WAR_SAHEL_JIHAD_NAME;$ORDER$$FIRST$ Джихад;;;;;;;;;;;;;x,,,;;;;;;;;;;;;;;;;;;;;;;;;;;;;;;;;;;;;;
AGRESSION_WAR_SAHEL_JIHAD_NAME;$ORDER$$FIRST$ Джихад;;;;;;;;;;;;;x,,,;;;;;;;;;;;;;;;;;;;;;;;;;;;;;;;;;;;;;
NORMAL_WAR_RESTORE_ORDER_NAME_ARG_ENT;$ORDER$ Лаплатская война;;;;;;;;;;;;;x,,,;;;;;;;;;;;;;;;;;;;;;;;;;;;;;;;;;;;;;
AGRESSION_WAR_RESTORE_ORDER_NAME_ARG_ENT;$ORDER$ Лаплатская война;;;;;;;;;;;;;x,,,;;;;;;;;;;;;;;;;;;;;;;;;;;;;;;;;;;;;;
NORMAL_CIVIL_WAR_NAME_TKG_SAT;$ORDER$Война Босин;;;;;;;;;;;;x,,,;;;;;;;;;;;;;;;;;;;;;;;;;;;;;;;;;;;;;;
NORMAL_CIVIL_WAR_NAME_TKG_CHO;$ORDER$Война Босин;;;;;;;;;;;;x,,,;;;;;;;;;;;;;;;;;;;;;;;;;;;;;;;;;;;;;;
NORMAL_CIVIL_WAR_NAME_TKG_TOS;$ORDER$Война Босин;;;;;;;;;;;;x,,,;;;;;;;;;;;;;;;;;;;;;;;;;;;;;;;;;;;;;;
NORMAL_CIVIL_WAR_NAME_TKG_KAG;$ORDER$Война Босин;;;;;;;;;;;;x,,,;;;;;;;;;;;;;;;;;;;;;;;;;;;;;;;;;;;;;;
NORMAL_CIVIL_WAR_NAME_TKG_SEN;$ORDER$Война Босин;;;;;;;;;;;;x,,,;;;;;;;;;;;;;;;;;;;;;;;;;;;;;;;;;;;;;;
NORMAL_CIVIL_WAR_NAME_TKG_YZW;$ORDER$Война Босин;;;;;;;;;;;;x,,,;;;;;;;;;;;;;;;;;;;;;;;;;;;;;;;;;;;;;;
NORMAL_WAR_RESTORE_ORDER_NAME_ENG_TRN;$ORDER$Бурская война;;;;;;;;;;;;x,,,;;;;;;;;;;;;;;;;;;;;;;;;;;;;;;;;;;;;;;
NORMAL_WAR_RESTORE_ORDER_NAME_ENG_ORA;$ORDER$Бурская война;;;;;;;;;;;;x,,,;;;;;;;;;;;;;;;;;;;;;;;;;;;;;;;;;;;;;;
NORMAL_WAR_RESTORE_ORDER_NAME_ENG_NAL;$ORDER$Бурская война;;;;;;;;;;;;x,,,;;;;;;;;;;;;;;;;;;;;;;;;;;;;;;;;;;;;;;
NORMAL_WAR_PUPPET_NAME_TUR_EGY;$ORDER$Восточный кризис;;;;;;;;;;;;x,,,;;;;;;;;;;;;;;;;;;;;;;;;;;;;;;;;;;;;;;
NORMAL_WAR_TAKE_NAME_ENG_QNG;$ORDER$Опиумная война;;;;;;;;;;;;x,,,;;;;;;;;;;;;;;;;;;;;;;;;;;;;;;;;;;;;;;
NORMAL_WAR_TAKE_CORE_NAME_SHW_GON;Эпоха князей;;;;;;;;;;;;x,,,;;;;;;;;;;;;;;;;;;;;;;;;;;;;;;;;;;;;;;
NORMAL_WAR_RESTORE_ORDER_NAME_SHW_GON;Эпоха князей;;;;;;;;;;;;x,,,;;;;;;;;;;;;;;;;;;;;;;;;;;;;;;;;;;;;;;
NORMAL_WAR_TAKE_CORE_NAME_SHW_TIG;Эпоха князей;;;;;;;;;;;;x,,,;;;;;;;;;;;;;;;;;;;;;;;;;;;;;;;;;;;;;;
NORMAL_WAR_RESTORE_ORDER_NAME_SHW_TIG;Эпоха князей;;;;;;;;;;;;x,,,;;;;;;;;;;;;;;;;;;;;;;;;;;;;;;;;;;;;;;
NORMAL_WAR_TAKE_CORE_NAME_GON_SHW;Эпоха князей;;;;;;;;;;;;x,,,;;;;;;;;;;;;;;;;;;;;;;;;;;;;;;;;;;;;;;
NORMAL_WAR_RESTORE_ORDER_NAME_GON_SHW;Эпоха князей;;;;;;;;;;;;x,,,;;;;;;;;;;;;;;;;;;;;;;;;;;;;;;;;;;;;;;
NORMAL_WAR_TAKE_CORE_NAME_GON_TIG;Эпоха князей;;;;;;;;;;;;x,,,;;;;;;;;;;;;;;;;;;;;;;;;;;;;;;;;;;;;;;
NORMAL_WAR_RESTORE_ORDER_NAME_GON_TIG;Эпоха князей;;;;;;;;;;;;x,,,;;;;;;;;;;;;;;;;;;;;;;;;;;;;;;;;;;;;;;
NORMAL_WAR_TAKE_CORE_NAME_TIG_SHW;Эпоха князей;;;;;;;;;;;;x,,,;;;;;;;;;;;;;;;;;;;;;;;;;;;;;;;;;;;;;;
NORMAL_WAR_RESTORE_ORDER_NAME_TIG_SHW;Эпоха князей;;;;;;;;;;;;x,,,;;;;;;;;;;;;;;;;;;;;;;;;;;;;;;;;;;;;;;
NORMAL_WAR_TAKE_CORE_NAME_TIG_GON;Эпоха князей;;;;;;;;;;;;x,,,;;;;;;;;;;;;;;;;;;;;;;;;;;;;;;;;;;;;;;
NORMAL_WAR_RESTORE_ORDER_NAME_TIG_GON;Эпоха князей;;;;;;;;;;;;x,,,;;;;;;;;;;;;;;;;;;;;;;;;;;;;;;;;;;;;;;
NORMAL_CUT_DOWN_TO_SIZE_WAR_NAME_RUS_TUR;$ORDER$Крымская война;;;;;;;;;;;;x,,,;;;;;;;;;;;;;;;;;;;;;;;;;;;;;;;;;;;;;;
AGRESSION_CUT_DOWN_TO_SIZE_WAR_NAME_RUS_TUR;$ORDER$Крымская война;;;;;;;;;;;;x,,,;;;;;;;;;;;;;;;;;;;;;;;;;;;;;;;;;;;;;;
NORMAL_WAR_FREE_ALLIED_CORE_NAME;$ORDER$$FIRST$ война $COUNTRY_ADJ$ реставрации;;;;;;;;;;;;x,,,;;;;;;;;;;;;;;;;;;;;;;;;;;;;;;;;;;;;;;
AGRESSION_WAR_FREE_ALLIED_CORE_NAME;$ORDER$$FIRST$ война $COUNTRY_ADJ$ реставрации;;;;;;;;;;;;x,,,;;;;;;;;;;;;;;;;;;;;;;;;;;;;;;;;;;;;;;
NORMAL_WAR_COLONIAL_RECONQUEST_NAME;$ORDER$$FIRST$ Война за восстановление контроля над колонией;;;;;;;;;;;;x,,,;;;;;;;;;;;;;;;;;;;;;;;;;;;;;;;;;;;;;;
AGRESSION_WAR_COLONIAL_RECONQUEST_NAME;$ORDER$$FIRST$ Война за восстановление контроля над колонией;;;;;;;;;;;;x,,,;;;;;;;;;;;;;;;;;;;;;;;;;;;;;;;;;;;;;;
NORMAL_WAR_PUPPET_NAME_TUR_ROM;$ORDER$Румынская война за независимость;;;;;;;;;;;;x,,,;;;;;;;;;;;;;;;;;;;;;;;;;;;;;;;;;;;;;;
AGRESSION_WAR_PUPPET_NAME_TUR_ROM;$ORDER$Румынская война за независимость;;;;;;;;;;;;x,,,;;;;;;;;;;;;;;;;;;;;;;;;;;;;;;;;;;;;;;
NORMAL_WAR_PUPPET_NAME_ENG_IRE;$ORDER$Ирландская война за независимость;;;;;;;;;;;;x,,,;;;;;;;;;;;;;;;;;;;;;;;;;;;;;;;;;;;;;;
AGRESSION_WAR_PUPPET_NAME_ENG_IRE;$ORDER$Ирландская война за независимость;;;;;;;;;;;;x,,,;;;;;;;;;;;;;;;;;;;;;;;;;;;;;;;;;;;;;;
NORMAL_CIVIL_WAR_NAME_NEJ_HAL;$ORDER$Война арабского владычества;;;;;;;;;;;;x,,,;;;;;;;;;;;;;;;;;;;;;;;;;;;;;;;;;;;;;;
NORMAL_CIVIL_WAR_NAME_HAL_NEJ;$ORDER$Война арабского владычества;;;;;;;;;;;;x,,,;;;;;;;;;;;;;;;;;;;;;;;;;;;;;;;;;;;;;;
NORMAL_WAR_NAME_ENG_USA;$ORDER$$FIRST$-$SECOND$ Война;;;;;;;;;;;;x,,,;;;;;;;;;;;;;;;;;;;;;;;;;;;;;;;;;;;;;;
NORMAL_WAR_TAKE_NAME_ENG_USA;$ORDER$$FIRST$ Завоевание $STATE$;;;;;;;;;;;;x,,,;;;;;;;;;;;;;;;;;;;;;;;;;;;;;;;;;;;;;;
NORMAL_WAR_TAKE_CORE_NAME_ENG_USA;$ORDER$$FIRST$ Освобождение $STATE$;;;;;;;;;;;;x,,,;;;;;;;;;;;;;;;;;;;;;;;;;;;;;;;;;;;;;;
AGRESSION_WAR_ALL_CORES_NAME_USA_MEX;$ORDER$Мексиканско-американская война;;;;;;;;;;;;x,,,;;;;;;;;;;;;;;;;;;;;;;;;;;;;;;;;;;;;;;
NORMAL_WAR_ALL_CORES_NAME_USA_MEX;$ORDER$Мексиканско-американская война;;;;;;;;;;;;x,,,;;;;;;;;;;;;;;;;;;;;;;;;;;;;;;;;;;;;;;
AGRESSION_CIVIL_WAR_NAME_QNG_TPG;$ORDER$Тайпинское восстание;;;;;;;;;;;;x,,,;;;;;;;;;;;;;;;;;;;;;;;;;;;;;;;;;;;;;;
NORMAL_CIVIL_WAR_NAME_QNG_TPG;$ORDER$Тайпинское восстание;;;;;;;;;;;;x,,,;;;;;;;;;;;;;;;;;;;;;;;;;;;;;;;;;;;;;;
punitive_effects;Национальное унижение;Humiliation Nationale;Nationale Erniedrigung;;;;;;;;;;;;x;;;;;;;;;;;;;;,,,;;;;;;;;;;;;;;;;;;;;;;
punitive_effects_desc;Наше унижение со стороны победителей и карательные последствия репараций сказались на нашем народе. Мы почти не сможем вести войну, если только кто-то сначала не объявит нам войну.;;;;;;;;;;;;;x,,;;;;;;;;;;;;;;;;;;;;;;;;;;;;;;;;;;;;;
no_more_war;Долой войну;Nous ne Voulons pas la Guerre;Wir Wьnschen Nicht Krieg;;;;;;;;;;;;x;;;;;;;;;;;;;;,,,;;;;;;;;;;;;;;;;;;;;;;
no_more_war_desc;Наши люди устали от войны. В ближайшее время будет трудно Потребовать их поддержку на другие войны, поэтому наша способность вести войны будет очень ограниченной.§YNOTE: Это означает, что у вас будет очень мало претензии, с которыми вы можете начать войну, пока длится этот модификатор!;;;;;;;;;;;;;x,,;;;;;;;;;;;;;;;;;;;;;;;;;;;;;;;;;;;;;
end_the_war;Конец войны;La Guerre Doit Finir;Der Krieg Muss Beenden;;;;;;;;;;;;x;;;;;;;;;;;;;;,,,;;;;;;;;;;;;;;;;;;;;;;
end_the_war_desc;Наш враг побежден. Люди призывают нас прекратить войну, даже если мы не получим всего, что намеревались.;;;;;;;;;;;;;x,,;;;;;;;;;;;;;;;;;;;;;;;;;;;;;;;;;;;;;
international_pariah;Государство-изгой;Paria International;Internationales Ausgestossen;;;;;;;;;;;;x;;;;;;;;;;;;;;,,,;;;;;;;;;;;;;;;;;;;;;;
international_pariah_desc;Мы являемся изгоем в международном сообществе из-за нашей агрессивной политики.;;;;;;;;;;;;;x,,,;;;;;;;;;;;;;;;;;;;;;;;;;;;;;;;;;;;;;
great_war;Тотальная война;Guerre Totale;GrцЯer Krieg;;;;;;;;;;;;x;;;;;;;;;;;;;;,,,;;;;;;;;;;;;;;;;;;;;;;
great_war_desc;Мы находимся в состоянии тотальной войны с нашими врагами. Мы должны подняться на защиту как единое целое, иначе мы просто рискуем быть уничтоженными.;;;;;;;;;;;;;x,,;;;;;;;;;;;;;;;;;;;;;;;;;;;;;;;;;;;;;
great_war2;Требования войны;Les Demandes de la Guerre;Die Nachfragen des Krieges;;;;;;;;;;;x,,,;;;;;;;;;;;;;;;;;;;;;;;;;;;;;;;;;;;;;
great_war2_desc;Массовый дефицит приводит к тому, что поддержка нашего народа войны уменьшается.;;;;;;;;;;;;;x,,,;;;;;;;;;;;;;;;;;;;;;;;;;;;;;;;;;;;;;
great_war3;Все было напрасно?;Est-il Tout Pour Rien?;Ist Alles Fьr Nichts?;;;;;;;;;;;x,,,;;;;;;;;;;;;;;;;;;;;;;;;;;;;;;;;;;;;;
great_war3_desc;Если мы не закончим войну в ближайшее время, для нас все будет очень плохо.;;;;;;;;;;;;;x,,;;;;;;;;;;;;;;;;;;;;;;;;;;;;;;;;;;;;;
dismantle_cb;Капитуляция;Grande Guerre;Gesamtkrieg;;;;;;;;;;;;x;;;;;;;;;;;;;;,,,;;;;;;;;;;;;;;;;;;;;;;
dismantle_cb_desc;Заставить вражескую §Yвеликую державу§W подписать безоговорочную капитуляцию и выплатить репарации.;Obliger un autre §Ypays§W ?se dйsarmer et ?nous verser des compensations;Zwischen Sie ein anderes §YLand§W zur Abrьstung und zu Reparationszahlungen an uns.;;;;;;;;;;;x,,,;;;;;;;;;;;;;;;;;;;;;;;;;;;;;;;;;;;;;
dismantle_cb_short;Заставить $RECIPIENT$ подписать безоговорочную капитуляцию;Rйduire $RECIPIENT$;Reduzieren Sie die GrцЯe von $RECIPIENT$;;;;;;;;;;;;x;;;;;;;;;;;;;;,,,;;;;;;;;;;;;;;;;;;;;;;
dismantle_cb_setup;Заставить $RECIPIENT$ подписать безоговорочную капитуляцию;Rйduire $RECIPIENT$;Reduzieren Sie die GrцЯe von $RECIPIENT$;;;;;;;;;;;;x;;;;;;;;;;;;;;,,,;;;;;;;;;;;;;;;;;;;;;;
dismantle_cb_add;Разоружить державу;Grande Guerre;GrцЯer Krieg;;;;;;;;;;;;x;;;;;;;;;;;;;;,,,;;;;;;;;;;;;;;;;;;;;;;
dismantle_cb_add_desc;Заставить вражескую §Yвеликую державу§W подписать безоговорочную капитуляцию и выплатить репарации.;Obliger un autre §Ypays§W ?se dйsarmer et ?nous verser des compensations;Zwischen Sie ein anderes §YLand§W zur Abrьstung und zu Reparationszahlungen an uns.;;;;;;;;;;;x,,,;;;;;;;;;;;;;;;;;;;;;;;;;;;;;;;;;;;;;
dismantle_cb_add_short;Заставить $RECIPIENT$ подписать безоговорочную капитуляцию;Rйduire $RECIPIENT$;Reduzieren Sie die GrцЯe von $RECIPIENT$;;;;;;;;;;;;x;;;;;;;;;;;;;;,,,;;;;;;;;;;;;;;;;;;;;;;
dismantle_cb_add_setup;Заставить $RECIPIENT$ подписать безоговорочную капитуляцию;Rйduire $RECIPIENT$;Reduzieren Sie die GrцЯe von $RECIPIENT$;;;;;;;;;;;;x;;;;;;;;;;;;;;,,,;;;;;;;;;;;;;;;;;;;;;;
dismantle_cb_add_new;Разоружить державу;Grande Guerre;GrцЯer Krieg;;;;;;;;;;;;x;;;;;;;;;;;;;;,,,;;;;;;;;;;;;;;;;;;;;;;
dismantle_cb_add_new_desc;Заставить вражескую §Yвеликую державу§W подписать безоговорочную капитуляцию и выплатить репарации.;Obliger un autre §Ypays§W ?se dйsarmer et ?nous verser des compensations;Zwischen Sie ein anderes §YLand§W zur Abrьstung und zu Reparationszahlungen an uns.;;;;;;;;;;;x,,,;;;;;;;;;;;;;;;;;;;;;;;;;;;;;;;;;;;;;
dismantle_cb_add_new_short;Заставить $RECIPIENT$ подписать безоговорочную капитуляцию;Rйduire $RECIPIENT$;Reduzieren Sie die GrцЯe von $RECIPIENT$;;;;;;;;;;;;x;;;;;;;;;;;;;;,,,;;;;;;;;;;;;;;;;;;;;;;
dismantle_cb_add_new_setup;Заставить $RECIPIENT$ подписать безоговорочную капитуляцию;Rйduire $RECIPIENT$;Reduzieren Sie die GrцЯe von $RECIPIENT$;;;;;;;;;;;;x;;;;;;;;;;;;;;,,,;;;;;;;;;;;;;;;;;;;;;;
great_war_install_democracy;Установить демократическую республику;Installez la dйmocratie;Verursachen Sie Demokratie;;;;;;;;;;;;x;;;;;;;;;;;;;;,,,;;;;;;;;;;;;;;;;;;;;;;
great_war_install_democracy_desc;Установить §Yдружественный демократический режим§W в столице державы;Install a §Yfriendly democracy§W in the target country's capital;Install a §Yfriendly democracy§W in the target country's capital;;;;;;;;;;;;x;;;;;;;;;;;;;;,,,;;;;;;;;;;;;;;;;;;;;;;
great_war_install_democracy_short;Установить дружественный демократический режим в $RECIPIENT$;Install a friendly democracy in $RECIPIENT$;Install a friendly democracy in $RECIPIENT$;;;;;;;;;;;;x;;;;;;;;;;;;;;,,,;;;;;;;;;;;;;;;;;;;;;;
great_war_install_democracy_setup;Установить дружественный демократический режим в $RECIPIENT$;Install a friendly democracy in $RECIPIENT$;Install a friendly democracy in $RECIPIENT$;;;;;;;;;;;;x;;;;;;;;;;;;;;,,,;;;;;;;;;;;;;;;;;;;;;;
great_war_install_fascism;Установить фашизм;Installez le fascisme;Bringen Sie Faschismus an;;;;;;;;;;;;x;;;;;;;;;;;;;;,,,;;;;;;;;;;;;;;;;;;;;;;
great_war_install_fascism_desc;Установить §Yдружественный фашистский режим§W в столице страны;Install a §Yfriendly fascist government§W in the country's capital;Install a §Yfriendly fascist government§W in the country's capital;;;;;;;;;;;;x;;;;;;;;;;;;;;,,,;;;;;;;;;;;;;;;;;;;;;;
great_war_install_fascism_short;Установить фашистский режим в $RECIPIENT$;Install a fascist government in $RECIPIENT$;Install a fascist government in $RECIPIENT$;;;;;;;;;;;;x;;;;;;;;;;;;;;,,,;;;;;;;;;;;;;;;;;;;;;;
great_war_install_fascism_setup;Установить фашистский режим в $RECIPIENT$;Install a fascist government in $RECIPIENT$;Install a fascist government in $RECIPIENT$;;;;;;;;;;;;x;;;;;;;;;;;;;;,,,;;;;;;;;;;;;;;;;;;;;;;
great_war_install_communism;Установить коммунизм;Installez le communisme;Bringen Sie Kommunismus an;;;;;;;;;;;;x;;;;;;;;;;;;;;,,,;;;;;;;;;;;;;;;;;;;;;;
great_war_install_communism_desc;Установить §Yдружественный коммунистический режим§W в столице страны;Install a §Yfriendly communist government§W in the country's capital;Install a §Yfriendly communist government§W in the country's capital;;;;;;;;;;;;x;;;;;;;;;;;;;;,,,;;;;;;;;;;;;;;;;;;;;;;
great_war_install_communism_short;Установить коммунистический режим в $RECIPIENT$;Install a communist government in $RECIPIENT$;Install a communist government in $RECIPIENT$;;;;;;;;;;;;x;;;;;;;;;;;;;;,,,;;;;;;;;;;;;;;;;;;;;;;
great_war_install_communism_setup;Установить коммунистический режим в $RECIPIENT$;Install a communist government in $RECIPIENT$;Install a communist government in $RECIPIENT$;;;;;;;;;;;;x;;;;;;;;;;;;;;,,,;;;;;;;;;;;;;;;;;;;;;;
install_democracy;Установить демократическую республику;Installez la dйmocratie;Verursachen Sie Demokratie;;;;;;;;;;;;x;;;;;;;;;;;;;;,,,;;;;;;;;;;;;;;;;;;;;;;
install_democracy_desc;Установить §Yдружественный демократический режим§W в столице державы;Install a §Yfriendly democracy§W in the target country's capital;Install a §Yfriendly democracy§W in the target country's capital;;;;;;;;;;;;x;;;;;;;;;;;;;;,,,;;;;;;;;;;;;;;;;;;;;;;
install_democracy_short;Установить дружественный демократический режим в $RECIPIENT$;Install a friendly democracy in $RECIPIENT$;Install a friendly democracy in $RECIPIENT$;;;;;;;;;;;;x;;;;;;;;;;;;;;,,,;;;;;;;;;;;;;;;;;;;;;;
install_democracy_setup;Установить дружественный демократический режим в $RECIPIENT$;Install a friendly democracy in $RECIPIENT$;Install a friendly democracy in $RECIPIENT$;;;;;;;;;;;;x;;;;;;;;;;;;;;,,,;;;;;;;;;;;;;;;;;;;;;;
install_fascism;Установить фашизм;Installez le fascisme;Bringen Sie Faschismus an;;;;;;;;;;;;x;;;;;;;;;;;;;;,,,;;;;;;;;;;;;;;;;;;;;;;
install_fascism_desc;Установить §Yдружественный фашистский режим§W в столице страны;Install a §Yfriendly fascist government§W in the country's capital;Install a §Yfriendly fascist government§W in the country's capital;;;;;;;;;;;;x;;;;;;;;;;;;;;,,,;;;;;;;;;;;;;;;;;;;;;;
install_fascism_short;Установить фашистский режим в $RECIPIENT$;Install a fascist government in $RECIPIENT$;Install a fascist government in $RECIPIENT$;;;;;;;;;;;;x;;;;;;;;;;;;;;,,,;;;;;;;;;;;;;;;;;;;;;;
install_fascism_setup;Установить фашистский режим в $RECIPIENT$;Install a fascist government in $RECIPIENT$;Install a fascist government in $RECIPIENT$;;;;;;;;;;;;x;;;;;;;;;;;;;;,,,;;;;;;;;;;;;;;;;;;;;;;
install_communism;Установить коммунизм;Installez le communisme;Bringen Sie Kommunismus an;;;;;;;;;;;;x;;;;;;;;;;;;;;,,,;;;;;;;;;;;;;;;;;;;;;;
install_communism_desc;Установить §Yдружественный коммунистический режим§W в столице страны;Install a §Yfriendly communist government§W in the country's capital;Install a §Yfriendly communist government§W in the country's capital;;;;;;;;;;;;x;;;;;;;;;;;;;;,,,;;;;;;;;;;;;;;;;;;;;;;
install_communism_short;Установить коммунистический режим в $RECIPIENT$;Install a communist government in $RECIPIENT$;Install a communist government in $RECIPIENT$;;;;;;;;;;;;x;;;;;;;;;;;;;;,,,;;;;;;;;;;;;;;;;;;;;;;
install_communism_setup;Установить коммунистический режим в $RECIPIENT$;Install a communist government in $RECIPIENT$;Install a communist government in $RECIPIENT$;;;;;;;;;;;;x;;;;;;;;;;;;;;,,,;;;;;;;;;;;;;;;;;;;;;;
great_war_liberate;Освободить;Peuple libre;Freies Volk;;;;;;;;;;;;x;;;;;;;;;;;;;;,,,;;;;;;;;;;;;;;;;;;;;;;
great_war_liberate_desc;Освободить §Yдержаву§W от ее угнетателей;Libйrer un §Ypays§W de ses oppresseurs;Befreien Sie ein §YLand§W von seinen Unterdrьckern.;;;;;;;;;;;x,,,;;;;;;;;;;;;;;;;;;;;;;;;;;;;;;;;;;;;;
great_war_liberate_short;$THIRD$ получает $STATE$;$THIRD$ prend $STATE$;$THIRD$ erwirbt $STATE$;;;;;;;;;;;;x;;;;;;;;;;;;;;,,,;;;;;;;;;;;;;;;;;;;;;;
great_war_liberate_setup;Вернуть $STATE$ $THIRD$ от $RECIPIENT$;Prendre $STATE$ ?$RECIPIENT$ pour le rendre ?$THIRD$;Geben Sie $STATE$ an $THIRD$ von $RECIPIENT$ zurьck;;;;;;;;;;;;x;;;;;;;;;;;;;;,,,;;;;;;;;;;;;;;;;;;;;;;
great_war_acquire_core;Потребовать нац. Провинцию;Prendre territoire cl?Kernprovinz erwerben;;;;;;;;;;;;x;;;;;;;;;;;;;;,,,;;;;;;;;;;;;;;;;;;;;;;;
great_war_acquire_core_desc;Потребовать вражеский §Yрегион§W где мы имеем §Yнац. провинции§W;Prendre un §YЙtat§W ennemi o?nous avons des §Yprovinces principales§W;Erobern Sie einen feindlichen §YStaat§W, in dem wir §YKernprovinzen§W haben.;;;;;;;;;;;x,,;;;;;;;;;;;;;;;;;;;;;;;;;;;;;;;;;;;;;
great_war_acquire_core_short;Потребовать $STATE$;Prendre $STATE$;$STATE$ erwerben;;;;;;;;;;;;x;;;;;;;;;;;;;;,,,;;;;;;;;;;;;;;;;;;;;;;
great_war_acquire_core_setup;Потребовать нац. провинции в регионе $STATE$ от $RECIPIENT$;Prendre Йtat cl?$STATE$ de $RECIPIENT$;Kern-$STATE$ von $RECIPIENT$ erwerben;;;;;;;;;;;;x;;;;;;;;;;;;;;,,,;;;;;;;;;;;;;;;;;;;;;;
great_war_place_in_the_sun;Место под солнцем;Une place au soleil;Ein Platz an der Sonne;;;;;;;;;;;;x;;;;;;;;;;;;;;,,,;;;;;;;;;;;;;;;;;;;;;;
great_war_place_in_the_sun_desc;ЗаПотребовать вражеский §Yколониальный регион§W;Prendre un §YЙtat colonial§W ennemi;Erobern Sie einen feindlichen §YKolonialstaat§W.;;;;;;;;;;;x,,,;;;;;;;;;;;;;;;;;;;;;;;;;;;;;;;;;;;;;
great_war_place_in_the_sun_short;Потребовать $STATE$;Prendre $STATE$;$STATE$ erwerben;;;;;;;;;;;;x;;;;;;;;;;;;;;,,,;;;;;;;;;;;;;;;;;;;;;;
great_war_place_in_the_sun_setup;Завоевать колонию $STATE$ от $RECIPIENT$;Prendre colonie $STATE$ de $RECIPIENT$;Kolonie $STATE$ von $RECIPIENT$ erwerben;;;;;;;;;;;;x;;;;;;;;;;;;;;,,,;;;;;;;;;;;;;;;;;;;;;;
great_war_release_puppet;Освободить вассала;Libйrer un Йtat fantoche;Marionettenstaat entlassen;;;;;;;;;;;x,,,;;;;;;;;;;;;;;;;;;;;;;;;;;;;;;;;;;;;;
great_war_release_puppet_short;$THIRD$ освобожден;$THIRD$ est libйr?$THIRD$ wurde entlassen;;;;;;;;;;;x,,,;;;;;;;;;;;;;;;;;;;;;;;;;;;;;;;;;;;;;;
great_war_release_puppet_setup;Освободить $THIRD$ от $RECIPIENT$;Libйrer $THIRD$ de $RECIPIENT$;Entlassen Sie $THIRD$ aus $RECIPIENT$;;;;;;;;;;;x,,,;;;;;;;;;;;;;;;;;;;;;;;;;;;;;;;;;;;;;
great_war_release_puppet_desc;Освободить §Yдержаву§W от правящей державы;Libйrer un §Ypays§W de sa nation souveraine;Entlassen Sie ein §YLand§W von seinem Herrenland.;;;;;;;;;;;x,,,;;;;;;;;;;;;;;;;;;;;;;;;;;;;;;;;;;;;;
great_war_take_from_sphere;Забрать из сферы влияния;Prendre ?la sphиre d'influence;Aus Einflusssphдre entfernen;;;;;;;;;;;;x;;;;;;;;;;;;;;,,,;;;;;;;;;;;;;;;;;;;;;;
great_war_take_from_sphere_desc;Забрать страну из §Yсферы влияния§W и добавить ее к нашей;Supprimer un pays de la §Ysphиre d'influence§W de quelqu'un et l'ajouter ?la nфtre;Entfernen Sie ein Land aus einer anderen §YEinflusssphдre§W und fьgen Sie es Ihrer eigenen hinzu.;;;;;;;;;;;x,,,;;;;;;;;;;;;;;;;;;;;;;;;;;;;;;;;;;;;;
great_war_take_from_sphere_short;Забрать $THIRD$ из сферы влияния;Prendre $THIRD$ ?la sphиre d'influence;$THIRD$ aus Einflusssphдre entfernen;;;;;;;;;;;;x;;;;;;;;;;;;;;,,,;;;;;;;;;;;;;;;;;;;;;;
great_war_take_from_sphere_setup;Забрать $THIRD$ из сферы влияния $RECIPIENT$;Prendre $THIRD$ ?la sphиre d'influence de $RECIPIENT$;$THIRD$ aus Einflusssphдre von $RECIPIENT$ entfernen;;;;;;;;;;;;x;;;;;;;;;;;;;;,,,;;;;;;;;;;;;;;;;;;;;;;
add_to_sphere_AI;Добавить в сферу влияния;ajouter ?la sphиre;In Einflusssphдre aufnehmen;;;;;;;;;;;;x;;;;;;;;;;;;;;,,,;;;;;;;;;;;;;;;;;;;;;;
add_to_sphere_AI_desc;Добавить страну в нашу §Yсферу влияния§W;Ajouter un pays ?notre §Ysphиre d'influence§W;Fьgen Sie das Land Ihrer §YEinflusssphдre§W hinzu.;;;;;;;;;;;x,,,;;;;;;;;;;;;;;;;;;;;;;;;;;;;;;;;;;;;;
add_to_sphere_AI_short;Добавить $RECIPIENT$ в нашу сферу влияния;ajouter $RECIPIENT$ ?la sphиre d'influence;$RECIPIENT$ in Einflusssphдre aufnehmen;;;;;;;;;;;;x;;;;;;;;;;;;;;,,,;;;;;;;;;;;;;;;;;;;;;;
add_to_sphere_AI_setup;Добавить $RECIPIENT$ в нашу сферу влияния;ajouter $RECIPIENT$ ?la sphиre d'influence;$RECIPIENT$ in Einflusssphдre aufnehmen;;;;;;;;;;;;x;;;;;;;;;;;;;;,,,;;;;;;;;;;;;;;;;;;;;;;
unification_add_to_sphere;Культурная сфера влияния;ajouter ?la sphиre;In Einflusssphдre aufnehmen;;;;;;;;;;;;x;;;;;;;;;;;;;;,,,;;;;;;;;;;;;;;;;;;;;;;
unification_add_to_sphere_desc;Добавить страну §Yнашей культурной группы§W в нашу §Yсферу влияния§W;Ajouter un pays ?notre §Ysphиre d'influence§W;Fьgen Sie das Land Ihrer §YEinflusssphдre§W hinzu.;;;;;;;;;;;x,,,;;;;;;;;;;;;;;;;;;;;;;;;;;;;;;;;;;;;;
unification_add_to_sphere_short;Добавить $RECIPIENT$ в нашу сферу влияния;ajouter $RECIPIENT$ ?la sphиre d'influence;$RECIPIENT$ in Einflusssphдre aufnehmen;;;;;;;;;;;;x;;;;;;;;;;;;;;,,,;;;;;;;;;;;;;;;;;;;;;;
unification_add_to_sphere_setup;Добавить $RECIPIENT$ в нашу сферу влияния;ajouter $RECIPIENT$ ?la sphиre d'influence;$RECIPIENT$ in Einflusssphдre aufnehmen;;;;;;;;;;;;x;;;;;;;;;;;;;;,,,;;;;;;;;;;;;;;;;;;;;;;
take_from_sphere_AI;Забрать из сферы влияния;Prendre ?la sphиre d'influence;Aus Einflusssphдre entfernen;;;;;;;;;;;;x;;;;;;;;;;;;;;,,,;;;;;;;;;;;;;;;;;;;;;;
take_from_sphere_AI_desc;Забрать страну из чужой §Yсферы влияния§W и добавить ее в нашу;Supprimer un pays de la §Ysphиre d'influence§W de quelqu'un et l'ajouter ?la nфtre;Entfernen Sie ein Land aus einer anderen §YEinflusssphдre§W und fьgen Sie es Ihrer eigenen hinzu.;;;;;;;;;;;x,,,;;;;;;;;;;;;;;;;;;;;;;;;;;;;;;;;;;;;;
take_from_sphere_AI_short;Забрать $THIRD$ из сферы влияния;Prendre $THIRD$ ?la sphиre d'influence;$THIRD$ aus Einflusssphдre entfernen;;;;;;;;;;;;x;;;;;;;;;;;;;;,,,;;;;;;;;;;;;;;;;;;;;;;
take_from_sphere_AI_setup;Забрать $THIRD$ из $RECIPIENT$ сферы влияния;Prendre $THIRD$ ?la sphиre d'influence de $RECIPIENT$;$THIRD$ aus Einflusssphдre von $RECIPIENT$ entfernen;;;;;;;;;;;;x;;;;;;;;;;;;;;,,,;;;;;;;;;;;;;;;;;;;;;;
free_peoples_AI;Освободить народ;Peuple libre;Freies Volk;;;;;;;;;;;;x;;;;;;;;;;;;;;,,,;;;;;;;;;;;;;;;;;;;;;;
free_peoples_AI_desc;Освободить §Rодин регион§W §Yстраны§W от ее угнетателей. ;Libйrer un §Ypays§W de ses oppresseurs;Befreien Sie ein §YLand§W von seinen Unterdrьckern.;;;;;;;;;;;x,,,;;;;;;;;;;;;;;;;;;;;;;;;;;;;;;;;;;;;;
free_peoples_AI_short;$THIRD$ получает $STATE$;$THIRD$ prend $STATE$;$THIRD$ erwirbt $STATE$;;;;;;;;;;;;x;;;;;;;;;;;;;;,,,;;;;;;;;;;;;;;;;;;;;;;
free_peoples_AI_setup;Вернуть $STATE$ державе $THIRD$ от $RECIPIENT$;Prendre $STATE$ ?$RECIPIENT$ pour le rendre ?$THIRD$;Geben Sie $STATE$ an $THIRD$ von $RECIPIENT$ zurьck;;;;;;;;;;;;x;;;;;;;;;;;;;;,,,;;;;;;;;;;;;;;;;;;;;;;
free_peoples;Освободить народ;Peuple libre;Freies Volk;;;;;;;;;;;;x;;;;;;;;;;;;;;,,,;;;;;;;;;;;;;;;;;;;;;;
free_peoples_AI_desc;Liberate a §Ycountry's§W §Rsingle state§W from its oppressors.;Libйrer un §Ypays§W de ses oppresseurs;Befreien Sie ein §YLand§W von seinen Unterdrьckern.;;;;;;;;;;;x,,,;;;;;;;;;;;;;;;;;;;;;;;;;;;;;;;;;;;;;
free_peoples_short;$THIRD$ получает $STATE$;$THIRD$ prend $STATE$;$THIRD$ erwirbt $STATE$;;;;;;;;;;;;x;;;;;;;;;;;;;;,,,;;;;;;;;;;;;;;;;;;;;;;
free_peoples_setup;Вернуть $STATE$ державе $THIRD$ от $RECIPIENT$;Prendre $STATE$ ?$RECIPIENT$ pour le rendre ?$THIRD$;Geben Sie $STATE$ an $THIRD$ von $RECIPIENT$ zurьck;;;;;;;;;;;;x;;;;;;;;;;;;;;,,,;;;;;;;;;;;;;;;;;;;;;;
free_allied_cores;Освободить нац. провинции союзника;Peuple libre;Freies Volk;;;;;;;;;;;;x;;;;;;;;;;;;;;,,,;;;;;;;;;;;;;;;;;;;;;;
free_allied_cores_desc;Освободить нац. провинции §Yсоюзника§W в вашей сфере;Libйrer un §Ypays§W de ses oppresseurs;Befreien Sie ein §YLand§W von seinen Unterdrьckern.;;;;;;;;;;;x,,,;;;;;;;;;;;;;;;;;;;;;;;;;;;;;;;;;;;;;
free_allied_cores_short;$THIRD$ получает $STATE$;$THIRD$ prend $STATE$;$THIRD$ erwirbt $STATE$;;;;;;;;;;;;x;;;;;;;;;;;;;;,,,;;;;;;;;;;;;;;;;;;;;;;
free_allied_cores_setup;Вернуть $STATE$ державе $THIRD$ от $RECIPIENT$;Prendre $STATE$ ?$RECIPIENT$ pour le rendre ?$THIRD$;Geben Sie $STATE$ an $THIRD$ von $RECIPIENT$ zurьck;;;;;;;;;;;;x;;;;;;;;;;;;;;,,,;;;;;;;;;;;;;;;;;;;;;;
release_puppet_AI;Освободить вассала;Libйrer un Йtat fantoche;Marionettenstaat entlassen;;;;;;;;;;;x,,,;;;;;;;;;;;;;;;;;;;;;;;;;;;;;;;;;;;;;
release_puppet_AI_short;Держава $THIRD$ освобождена;$THIRD$ est libйr?$THIRD$ wurde entlassen;;;;;;;;;;;x,,,;;;;;;;;;;;;;;;;;;;;;;;;;;;;;;;;;;;;;;
release_puppet_AI_setup;Освободить державу $THIRD$ от $RECIPIENT$;Libйrer $THIRD$ de $RECIPIENT$;Entlassen Sie $THIRD$ aus $RECIPIENT$;;;;;;;;;;;x,,,;;;;;;;;;;;;;;;;;;;;;;;;;;;;;;;;;;;;;
release_puppet_AI_desc;Освободить §Yстрану§W от правящей державы;Libйrer un §Ypays§W de sa nation souveraine;Entlassen Sie ein §YLand§W von seinem Herrenland.;;;;;;;;;;;x,,,;;;;;;;;;;;;;;;;;;;;;;;;;;;;;;;;;;;;;
demand_concession_NI_casus_belli;Потребовать концессии;Demande de concession;Konzession verlangen;;;;;;;;;;;x,,,;;;;;;;;;;;;;;;;;;;;;;;;;;;;;;;;;;;;;
demand_concession_NI_casus_belli_desc;Заставить §Yнецивилизованное гос-во§W уступить колониальную территорию.;Obligez un §Ypays non civilisй§W ?faire sйcession d'un territoire pour former une concession coloniale.;Zwingen Sie ein §Yunzivilisiertes Land§W, Gebiete zur Grьndung einer Kolonialkonzession abzuspalten.;;;;;;;;;;;x,,;;;;;;;;;;;;;;;;;;;;;;;;;;;;;;;;;;;;;
demand_concession_NI_casus_belli_setup;Потребовать от державы $RECIPIENT$ уступить колониальную территорию.;Demandez ?ce que $RECIPIENT$ fasse sйcession d'un territoire pour former une concession coloniale.;Verlangen Sie, dass $RECIPIENT$ Gebiete zur Grьndung einer Kolonialkonzession abspaltet.;;;;;;;;;;;x,,;;;;;;;;;;;;;;;;;;;;;;;;;;;;;;;;;;;;;
demand_concession_NI_casus_belli_short;Потребовать $STATE$;Demander $STATE$;Fordern Sie $STATE$;;;;;;;;;;;x,,,;;;;;;;;;;;;;;;;;;;;;;;;;;;;;;;;;;;;;
demand_concession_BC_casus_belli;Потребовать концессии;Demande de concession;Konzession verlangen;;;;;;;;;;;x,,,;;;;;;;;;;;;;;;;;;;;;;;;;;;;;;;;;;;;;
demand_concession_BC_casus_belli_desc;Заставить §Yнецивилизованное гос-во§W уступить колониальную территорию.;Obligez un §Ypays non civilisй§W ?faire sйcession d'un territoire pour former une concession coloniale.;Zwingen Sie ein §Yunzivilisiertes Land§W, Gebiete zur Grьndung einer Kolonialkonzession abzuspalten.;;;;;;;;;;;x,,;;;;;;;;;;;;;;;;;;;;;;;;;;;;;;;;;;;;;
demand_concession_BC_casus_belli_setup;Потребовать от державы $RECIPIENT$ уступить колониальную территорию.;Demandez ?ce que $RECIPIENT$ fasse sйcession d'un territoire pour former une concession coloniale.;Verlangen Sie, dass $RECIPIENT$ Gebiete zur Grьndung einer Kolonialkonzession abspaltet.;;;;;;;;;;;x,,;;;;;;;;;;;;;;;;;;;;;;;;;;;;;;;;;;;;;
demand_concession_BC_casus_belli_short;Потребовать $STATE$;Demander $STATE$;Fordern Sie $STATE$;;;;;;;;;;;x,,,;;;;;;;;;;;;;;;;;;;;;;;;;;;;;;;;;;;;;
establish_protectorate_NI_casus_belli;Установить протекторат;Йtablir un protectorat;Protektorat grьnden;;;;;;;;;;;x,,,;;;;;;;;;;;;;;;;;;;;;;;;;;;;;;;;;;;;;
establish_protectorate_NI_casus_belli_desc;Присоединить §Yнецивилизованное гос-во§W в качестве протектората.;Annexez un §Ypays non civilisй§W en l'obligeant ?devenir l'un de nos protectorats.;Annektieren Sie ein §Yunzivilisiertes Land§W, indem Sie es zwingen, eines Ihrer Protektorate zu werden.;;;;;;;;;;;x,;;;;;;;;;;;;;;;;;;;;;;;;;;;;;;;;;;;;;
establish_protectorate_NI_casus_belli_setup;Присоединить $RECIPIENT$ в качестве протектората.;Annexez $RECIPIENT$ en йtablissant un protectorat.;Annektieren Sie $RECIPIENT$ durch die Grьndung eines Protektorats.;;;;;;;;;;;x,,,;;;;;;;;;;;;;;;;;;;;;;;;;;;;;;;;;;;;;
establish_protectorate_NI_casus_belli_short;Аннексировать $RECIPIENT$;Annexer $RECIPIENT$;Annektieren Sie $RECIPIENT$;;;;;;;;;;;x,,,;;;;;;;;;;;;;;;;;;;;;;;;;;;;;;;;;;;;;
establish_protectorate_BC_casus_belli;Установить протекторат;Йtablir un protectorat;Protektorat grьnden;;;;;;;;;;;x,,,;;;;;;;;;;;;;;;;;;;;;;;;;;;;;;;;;;;;;
establish_protectorate_BC_casus_belli_desc;Присоединить §Yнецивилизованное гос-во§W в качестве протектората.;Annexez un §Ypays non civilisй§W en l'obligeant ?devenir l'un de nos protectorats.;Annektieren Sie ein §Yunzivilisiertes Land§W, indem Sie es zwingen, eines Ihrer Protektorate zu werden.;;;;;;;;;;;x,;;;;;;;;;;;;;;;;;;;;;;;;;;;;;;;;;;;;;
establish_protectorate_BC_casus_belli_setup;Присоединить $RECIPIENT$ в качестве протектората.;Annexez $RECIPIENT$ en йtablissant un protectorat.;Annektieren Sie $RECIPIENT$ durch die Grьndung eines Protektorats.;;;;;;;;;;;x,,,;;;;;;;;;;;;;;;;;;;;;;;;;;;;;;;;;;;;;
establish_protectorate_BC_casus_belli_short;Аннексировать $RECIPIENT$;Annexer $RECIPIENT$;Annektieren Sie $RECIPIENT$;;;;;;;;;;;x,,,;;;;;;;;;;;;;;;;;;;;;;;;;;;;;;;;;;;;;
unification_humiliate;Установить гегемонию;Imposer l'hйgйmonie;Vorherrschaft durchsetzen;;;;;;;;;;;x,,,;;;;;;;;;;;;;;;;;;;;;;;;;;;;;;;;;;;;;
unification_humiliate_desc;Убрать страну из вражеской §Yсферы влияния§W и добавить ее к нашей.;Supprimer un pays de la §Ysphиre d'influence§W de quelqu'un et l'ajouter ?la nфtre;Entfernen Sie ein Land aus einer anderen §YEinflusssphдre§W und fьgen Sie es Ihrer eigenen hinzu.;;;;;;;;;;;x,,,;;;;;;;;;;;;;;;;;;;;;;;;;;;;;;;;;;;;;
unification_humiliate_setup;Забрать $THIRD$ из сферы влияния державы $RECIPIENT$;Prendre $THIRD$ ?la sphиre d'influence de $RECIPIENT$;$THIRD$ aus Einflusssphдre von $RECIPIENT$ entfernen;;;;;;;;;;;;x;;;;;;;;;;;;;;,,,;;;;;;;;;;;;;;;;;;;;;;
unification_humiliate_short;Забрать $THIRD$ из сферы влияния;Prendre $THIRD$ ?la sphиre d'influence;$THIRD$ aus Einflusssphдre entfernen;;;;;;;;;;;;x;;;;;;;;;;;;;;,,,;;;;;;;;;;;;;;;;;;;;;;
claim_colonial_region;Эффективная оккупация - Потребовать регион;;;;;;;;;;;;;x,,,;;;;;;;;;;;;;;;;;;;;;;;;;;;;;;;;;;;;;
claim_colonial_region_desc;Вынудить §Yнецивилизованную страну§W уступить территорию, на которую мы претендуем, в соответствии со статьей 35 Западноафриканской конференции, в которой изложена доктрина эффективной оккупации.;;;;;;;;;;;;;x,,,;;;;;;;;;;;;;;;;;;;;;;;;;;;;;;;;;;;;;
claim_colonial_region_setup;Потребовать чтобы держава $RECIPIENT$ уступить территорию, на которую мы претендуем, в соответствии со статьей 35 Западноафриканской конференции, в которой изложена доктрина эффективной оккупации.;;;;;;;;;;;;;x,,,;;;;;;;;;;;;;;;;;;;;;;;;;;;;;;;;;;;;;
claim_colonial_region_short;Потребовать $STATE$;;;;;;;;;;;;;x,,,;;;;;;;;;;;;;;;;;;;;;;;;;;;;;;;;;;;;;
claim_colonial_region_full;Эффективная оккупация - Аннексировать;;;;;;;;;;;;;x,,,;;;;;;;;;;;;;;;;;;;;;;;;;;;;;;;;;;;;;
claim_colonial_region_full_desc;Заставить §Yнецилизованную страну§W стать протекторатом в соответствии со статьей 33 Западноафриканской конференции, которая определяет доктрину сфер влияния.;;;;;;;;;;;;;x,,,;;;;;;;;;;;;;;;;;;;;;;;;;;;;;;;;;;;;;
claim_colonial_region_full_setup;Заставить $RECIPIENT$ стать протекторатом в соответствии со статьей 33 Западноафриканской конференции, в которой изложена доктрина сфер влияния.;;;;;;;;;;;;;x,,,;;;;;;;;;;;;;;;;;;;;;;;;;;;;;;;;;;;;;
claim_colonial_region_full_short;Аннексировать $RECIPIENT$;;;;;;;;;;;;;x,,,;;;;;;;;;;;;;;;;;;;;;;;;;;;;;;;;;;;;;
colonial_conquest;Империализм - Потребовать регион;;;;;;;;;;;;;;;;;;;;;;;;;;;;;x;;;;;;;;;;;;;;;;;;;;;
colonial_conquest_desc;Потребовать §Yрегион§W от §Yнецивилизованной страны§W, на который мы имеем §Yколониальные претензии§W. Это даст §Rот 0.5 до 2§W бесчестия и нам нужно будет §Yподождать 1-5 лет§W прежде, чем мы сможем воспользоваться этой претензией вновь.;;;;;;;;;;;;;;;;;;;;;;;;;;;;;x,,;;;;;;;;;;;;;;;;;;;;;
colonial_conquest_setup;Потребовать §YSTATE§W от §YRECIPIENT§W. Это даст §Rот 0.5 до 2§W бесчестия и нам нужно будет §Yподождать 1-5 лет§W прежде, чем мы сможем воспользоваться этой претензией вновь.;;;;;;;;;;;;;;;;;;;;;;;;;;;;;x,,;;;;;;;;;;;;;;;;;;;;;
colonial_conquest_short;Потребовать $STATE$;;;;;;;;;;;;;;;;;;;;;;;;;;;;;;;;;;;;x;;;;;;;;;;;;;;,,,
colonial_conquest_full;Империализм - Аннексировать;;;;;;;;;;;;;;;;;;;;;;;;;;;;;x;;;;;;;;;;;;;;;;;;;;;
colonial_conquest_full_desc;Заставить §Yнецивилизованную страну§W стать нашим протекторатом. Это даст §Rот 0.5 до 2§W бесчестия и нам нужно будет §Y5 лет§W прежде, чем мы сможем воспользоваться этой претензией вновь.;;;;;;;;;;;;;;;;;;;;;;;;;;;;;x,,;;;;;;;;;;;;;;;;;;;;;
colonial_conquest_full_setup;Заставить §YRECIPIENT§W стать нашим протекторатом. Это даст §Rот 0.5 до 2§W бесчестия и нам нужно будет §Y5 лет§W прежде, чем мы сможем воспользоваться этой претензией вновь.;;;;;;;;;;;;;;;;;;;;;;;;;;;;;x,,;;;;;;;;;;;;;;;;;;;;;
colonial_conquest_full_short;Аннексировать $RECIPIENT$;;;;;;;;;;;;;;;;;;;;;;;;;;;;;;;;;;;;x;;;;;;;;;;;;;;,,,
annex_africa;Раздел Африки - Потребовать регион;;;;;;;;;;;;;x,,,;;;;;;;;;;;;;;;;;;;;;;;;;;;;;;;;;;;;;
annex_africa_desc;Потребовать от державы §Yнецивилизованной страны§W уступить территорию в соответствии с правилами, установленными на конференции Великих держав.;;;;;;;;;;;;;x,,,;;;;;;;;;;;;;;;;;;;;;;;;;;;;;;;;;;;;;
annex_africa_setup;Потребовать от державы $RECIPIENT$ уступить территорию в соответствии с правилами, установленными на конференции Великих держав.;;;;;;;;;;;;;x,,,;;;;;;;;;;;;;;;;;;;;;;;;;;;;;;;;;;;;;
annex_africa_short;Потребовать $STATE$;;;;;;;;;;;;;x,,,;;;;;;;;;;;;;;;;;;;;;;;;;;;;;;;;;;;;;
annex_africa_full;Раздел Африки - Аннексировать;;;;;;;;;;;;;x,,,;;;;;;;;;;;;;;;;;;;;;;;;;;;;;;;;;;;;;
annex_africa_full_desc;Заставить §Yнецивилизованную страну§W стать протекторатом в соответствии с правилами, установленными на конференции Великих держав;;;;;;;;;;;;;x,,,;;;;;;;;;;;;;;;;;;;;;;;;;;;;;;;;;;;;;
annex_africa_full_setup;Аннексировать $RECIPIENT$ в соответствии с правилами, установленными на конференции Великих держав;;;;;;;;;;;;;x,,,;;;;;;;;;;;;;;;;;;;;;;;;;;;;;;;;;;;;;
annex_africa_full_short;Аннексировать $RECIPIENT$;;;;;;;;;;;;;x,,,;;;;;;;;;;;;;;;;;;;;;;;;;;;;;;;;;;;;;
restore_austrian_empire;Потребовать австрийскую провинцию;Prendre territoire cl?Kernprovinz erwerben;;;;;;;;;;;;x;;;;;;;;;;;;;;,,,;;;;;;;;;;;;;;;;;;;;;;;
restore_austrian_empire_desc;Потребовать вражеский §Yрегион§W, в котором Австрия §Yправила§W;Prendre un §YЙtat§W ennemi o?nous avons des §Yprovinces principales§W;Erobern Sie einen feindlichen §YStaat§W, in dem wir §YKernprovinzen§W haben.;;;;;;;;;;;x,,;;;;;;;;;;;;;;;;;;;;;;;;;;;;;;;;;;;;;
restore_austrian_empire_short;Потребовать $STATE$;Prendre $STATE$;$STATE$ erwerben;;;;;;;;;;;;x;;;;;;;;;;;;;;,,,;;;;;;;;;;;;;;;;;;;;;;
restore_austrian_empire_setup;Потребовать нац. провинции в регионе $STATE$ от $RECIPIENT$;Prendre Йtat cl?$STATE$ de $RECIPIENT$;Kern-$STATE$ von $RECIPIENT$ erwerben;;;;;;;;;;;;x;;;;;;;;;;;;;;,,,;;;;;;;;;;;;;;;;;;;;;;
free_balkans;Освободить Балканы;Peuple libre;Freies Volk;;;;;;;;;;;;x;;;;;;;;;;;;;;,,,;;;;;;;;;;;;;;;;;;;;;;
free_balkans_desc;Освободить §Yбалканскую страну§W от своих угнетателей;Libйrer un §Ypays§W de ses oppresseurs;Befreien Sie ein §YLand§W von seinen Unterdrьckern.;;;;;;;;;;;x,,,;;;;;;;;;;;;;;;;;;;;;;;;;;;;;;;;;;;;;
free_balkans_short;Освободить $THIRD$;$THIRD$ prend $STATE$;$THIRD$ erwirbt $STATE$;;;;;;;;;;;;x;;;;;;;;;;;;;;,,,;;;;;;;;;;;;;;;;;;;;;;
free_balkans_setup;Освободить державу $THIRD$ от контроля державы $RECIPIENT$;Prendre $STATE$ ?$RECIPIENT$ pour le rendre ?$THIRD$;Geben Sie $STATE$ an $THIRD$ von $RECIPIENT$ zurьck;;;;;;;;;;;;x;;;;;;;;;;;;;;,,,;;;;;;;;;;;;;;;;;;;;;;
monroe_doctrine;Доктрина Монро;Peuple libre;Freies Volk;;;;;;;;;;;;x;;;;;;;;;;;;;;,,,;;;;;;;;;;;;;;;;;;;;;;
monroe_doctrine_desc;Изгнать §Yевропейскую колониальную державу§W из Америки;Libйrer un §Ypays§W de ses oppresseurs;Befreien Sie ein §YLand§W von seinen Unterdrьckern.;;;;;;;;;;;x,,,;;;;;;;;;;;;;;;;;;;;;;;;;;;;;;;;;;;;;
monroe_doctrine_short;$THIRD$ получает $STATE$;$THIRD$ prend $STATE$;$THIRD$ erwirbt $STATE$;;;;;;;;;;;;x;;;;;;;;;;;;;;,,,;;;;;;;;;;;;;;;;;;;;;;
monroe_doctrine_setup;Вернуть регион $STATE$ державе $THIRD$ от державы $RECIPIENT$;Prendre $STATE$ ?$RECIPIENT$ pour le rendre ?$THIRD$;Geben Sie $STATE$ an $THIRD$ von $RECIPIENT$ zurьck;;;;;;;;;;;;x;;;;;;;;;;;;;;,,,;;;;;;;;;;;;;;;;;;;;;;
oriental_crisis;Восточный кризис;Peuple libre;Freies Volk;;;;;;;;;;;;x;;;;;;;;;;;;;;,,,;;;;;;;;;;;;;;;;;;;;;;
oriental_crisis_desc;Освободить §Yосманскую территорию§W от египетского контроля;Libйrer un §Ypays§W de ses oppresseurs;Befreien Sie ein §YLand§W von seinen Unterdrьckern.;;;;;;;;;;;x,,,;;;;;;;;;;;;;;;;;;;;;;;;;;;;;;;;;;;;;
oriental_crisis_short;$THIRD$ получает $STATE$;$THIRD$ prend $STATE$;$THIRD$ erwirbt $STATE$;;;;;;;;;;;;x;;;;;;;;;;;;;;,,,;;;;;;;;;;;;;;;;;;;;;;
oriental_crisis_setup;Вернуть регион $STATE$ державе $THIRD$ от державы $RECIPIENT$;Prendre $STATE$ ?$RECIPIENT$ pour le rendre ?$THIRD$;Geben Sie $STATE$ an $THIRD$ von $RECIPIENT$ zurьck;;;;;;;;;;;;x;;;;;;;;;;;;;;,,,;;;;;;;;;;;;;;;;;;;;;;
restore_america;Потребовать американскую провинцию;Prendre territoire cl?Kernprovinz erwerben;;;;;;;;;;;;x;;;;;;;;;;;;;;,,,;;;;;;;;;;;;;;;;;;;;;;;
restore_america_desc;Потребовать вражеский §Yрегион§W с целью §Yвосстановить Соединенные Штаты§W;Prendre un §YЙtat§W ennemi o?nous avons des §Yprovinces principales§W;Erobern Sie einen feindlichen §YStaat§W, in dem wir §YKernprovinzen§W haben.;;;;;;;;;;;x,,;;;;;;;;;;;;;;;;;;;;;;;;;;;;;;;;;;;;;
restore_america_short;Потребовать $STATE$;Prendre $STATE$;$STATE$ erwerben;;;;;;;;;;;;x;;;;;;;;;;;;;;,,,;;;;;;;;;;;;;;;;;;;;;;
restore_america_setup;Потребовать нац. провинции в регионе $STATE$ от $RECIPIENT$;Prendre Йtat cl?$STATE$ de $RECIPIENT$;Kern-$STATE$ von $RECIPIENT$ erwerben;;;;;;;;;;;;x;;;;;;;;;;;;;;,,,;;;;;;;;;;;;;;;;;;;;;;
claim_holy_land;Заявить претензии на Левант;Prendre territoire cl?Kernprovinz erwerben;;;;;;;;;;;;x;;;;;;;;;;;;;;,,,;;;;;;;;;;;;;;;;;;;;;;;
claim_holy_land_desc;Потребовать регион в §YЛеванте§Wпосле того, как его покинула  §Yосманская империя§W;Prendre un §YЙtat§W ennemi o?nous avons des §Yprovinces principales§W;Erobern Sie einen feindlichen §YStaat§W, in dem wir §YKernprovinzen§W haben.;;;;;;;;;;;x,,;;;;;;;;;;;;;;;;;;;;;;;;;;;;;;;;;;;;;
claim_holy_land_short;Потребовать $STATE$;Prendre $STATE$;$STATE$ erwerben;;;;;;;;;;;;x;;;;;;;;;;;;;;,,,;;;;;;;;;;;;;;;;;;;;;;
claim_holy_land_setup;Потребовать $STATE$ от $RECIPIENT$;Prendre Йtat cl?$STATE$ de $RECIPIENT$;Kern-$STATE$ von $RECIPIENT$ erwerben;;;;;;;;;;;;x;;;;;;;;;;;;;;,,,;;;;;;;;;;;;;;;;;;;;;;
restore_british_raj;Выдвинуть претензию на Британскую Индию;Rйduire;GrцЯe reduzieren;;;;;;;;;;;;x;;;;;;;;;;;;;;,,,;;;;;;;;;;;;;;;;;;;;;;
restore_british_raj_desc;Сделать вассалом §Yдержаву§W, по праву принадлежащую §Yбританской Индии§W;Obliger un autre §Ypays§W ?se dйsarmer et ?nous verser des compensations;Zwischen Sie ein anderes §YLand§W zur Abrьstung und zu Reparationszahlungen an uns.;;;;;;;;;;;x,,,;;;;;;;;;;;;;;;;;;;;;;;;;;;;;;;;;;;;;
restore_british_raj_short;$RECIPIENT$ становится вассалом державы $ACTOR$;$RECIPIENT$ devient satellite de $ACTOR$;$RECIPIENT$ wird eine Marionette von $ACTOR$;;;;;;;;;;;x,,,;;;;;;;;;;;;;;;;;;;;;;;;;;;;;;;;;;;;;
restore_british_raj_setup;$RECIPIENT$ становится вассалом державы $ACTOR$;$RECIPIENT$ devient satellite de $ACTOR$;$RECIPIENT$ wird eine Marionette von $ACTOR$;;;;;;;;;;;x,,,;;;;;;;;;;;;;;;;;;;;;;;;;;;;;;;;;;;;;
great_game_cb;Большая игра;Rйduire;GrцЯe reduzieren;;;;;;;;;;;;x;;;;;;;;;;;;;;,,,;;;;;;;;;;;;;;;;;;;;;;
great_game_cb_desc;Большая игра между Россией и Британской империей в Центральной Азии имеет своей целью подчинить все §Yнецивилизованные нации§W до того, как это сделает другая сторона.;Obliger un autre §Ypays§W ?se dйsarmer et ?nous verser des compensations;Zwischen Sie ein anderes §YLand§W zur Abrьstung und zu Reparationszahlungen an uns.;;;;;;;;;;;x,,,;;;;;;;;;;;;;;;;;;;;;;;;;;;;;;;;;;;;;
great_game_cb_short;$RECIPIENT$ становится вассалом державы $ACTOR$;$RECIPIENT$ devient satellite de $ACTOR$;$RECIPIENT$ wird eine Marionette von $ACTOR$;;;;;;;;;;;x,,,;;;;;;;;;;;;;;;;;;;;;;;;;;;;;;;;;;;;;
great_game_cb_setup;$RECIPIENT$ становится вассалом державы $ACTOR$;$RECIPIENT$ devient satellite de $ACTOR$;$RECIPIENT$ wird eine Marionette von $ACTOR$;;;;;;;;;;;x,,,;;;;;;;;;;;;;;;;;;;;;;;;;;;;;;;;;;;;;
china_acquire_state;Китайское воссоединение;Prendre Йtat;$STATE$ erwerben;;;;;;;;;;;;x;;;;;;;;;;;;;;,,,;;;;;;;;;;;;;;;;;;;;;;
china_acquire_state_short;Потребовать $STATE$;Prendre $STATE$;$STATE$ erwerben;;;;;;;;;;;;x;;;;;;;;;;;;;;,,,;;;;;;;;;;;;;;;;;;;;;;
china_acquire_state_setup;Потребовать $STATE$ от державы $RECIPIENT$;Prendre $STATE$ de $RECIPIENT$;$STATE$ von $RECIPIENT$ erwerben;;;;;;;;;;;;x;;;;;;;;;;;;;;,,,;;;;;;;;;;;;;;;;;;;;;;
china_acquire_state_desc;Потребовать китайский §Yрегион§W;Prendre un §YЙtat§W ennemi;Erobern Sie einen feindlichen §YStaat§W.;;;;;;;;;;;x,,,;;;;;;;;;;;;;;;;;;;;;;;;;;;;;;;;;;;;;
unification_GP_humiliate;Унижение унификатора;Humilier;Erniedrigen;;Humillar;;;;;;;;;x,,,;;;;;;;;;;;;;;;;;;;;;;;;;;;;;;;;;;;;;
unification_GP_humiliate_short;Унизить $RECIPIENT$;Humilier $RECIPIENT$;$RECIPIENT$ erniedrigen;;Humillar a $RECIPIENT$;;;;;;;;;x,,,;;;;;;;;;;;;;;;;;;;;;;;;;;;;;;;;;;;;;
unification_GP_humiliate_setup;Унизить $RECIPIENT$;Humilier $RECIPIENT$;$RECIPIENT$ erniedrigen;;Humillar a $RECIPIENT$;;;;;;;;;x,,,;;;;;;;;;;;;;;;;;;;;;;;;;;;;;;;;;;;;;
unification_GP_humiliate_desc;Продемонстрировать нашу военную мощь, унизив вражескую §YВеликую державу нашей культурной группы§W, увеличив наш §Yпрестиж§W и одновременно уменьшив их.;Afficher notre puissance militaire en humiliant un §Ypays§W ennemi et en augmentant notre §Yprestige§W tout en rйduisant le leur;Zeigen Sie unsere Militдrmacht durch Erniedrigung eines feindlichen §YLandes§W, wodurch Sie unser §YPrestige§W steigern und ihres verringern.;;Demostrar nuestro poder militar humillando a un §Ypaнs§W enemigo, para aumentar nuestro §Yprestigio§W y reducir el suyo;;;;;;;;;x;;;;;;;;;;;;;;;;;;;;;;;;;;;;;;;;;;;;;
colonial_reconquest_cb;Восстановить контроль над колонией;;;;;;;;;;;;;x,,,;;;;;;;;;;;;;;;;;;;;;;;;;;;;;;;;;;;;;
colonial_reconquest_cb_desc;Восстановить контроль над §Yвосставшей колонией§W.;;;;;;;;;;;;;x,,,;;;;;;;;;;;;;;;;;;;;;;;;;;;;;;;;;;;;;
colonial_reconquest_cb_setup;Аннексировать $RECIPIENT$, нашу восставшую колонию;;;;;;;;;;;;;x,,;;;;;;;;;;;;;;;;;;;;;;;;;;;;;;;;;;;;;
colonial_reconquest_cb_short;Аннексировать $RECIPIENT$;;;;;;;;;;;;;x,,,;;;;;;;;;;;;;;;;;;;;;;;;;;;;;;;;;;;;;
acquire_any_state;Потребовать регион;Prendre territoire cl?Kernprovinz erwerben;;;;;;;;;;;;x;;;;;;;;;;;;;;,,,;;;;;;;;;;;;;;;;;;;;;;;
acquire_any_state_desc;Потребовать вражеский §Yрегион§W;Prendre un §YЙtat§W ennemi o?nous avons des §Yprovinces principales§W;Erobern Sie einen feindlichen §YStaat§W, in dem wir §YKernprovinzen§W haben.;;;;;;;;;;;x,,;;;;;;;;;;;;;;;;;;;;;;;;;;;;;;;;;;;;;
acquire_any_state_short;Потребовать $STATE$;Prendre $STATE$;$STATE$ erwerben;;;;;;;;;;;;x;;;;;;;;;;;;;;,,,;;;;;;;;;;;;;;;;;;;;;;
acquire_any_state_setup;Потребовать $STATE$ от державы $RECIPIENT$;Prendre Йtat cl?$STATE$ de $RECIPIENT$;Kern-$STATE$ von $RECIPIENT$ erwerben;;;;;;;;;;;;x;;;;;;;;;;;;;;,,,;;;;;;;;;;;;;;;;;;;;;;
conquest_any;Завоевание;;;;;;;;;;;;;x,,,;;;;;;;;;;;;;;;;;;;;;;;;;;;;;;;;;;;;;
conquest_any_desc;Завоевать §Yвражескую державу§W;;;;;;;;;;;;;x,,,;;;;;;;;;;;;;;;;;;;;;;;;;;;;;;;;;;;;;
conquest_any_setup;Аннексировать $RECIPIENT$;;;;;;;;;;;;;x,,,;;;;;;;;;;;;;;;;;;;;;;;;;;;;;;;;;;;;;
conquest_any_short;Аннексировать $RECIPIENT$;;;;;;;;;;;;;x,,,;;;;;;;;;;;;;;;;;;;;;;;;;;;;;;;;;;;;;
sahel_jihad_cb;Сахельский Джихад;Prendre territoire cl?Kernprovinz erwerben;;;;;;;;;;;;x;;;;;;;;;;;;;;,,,;;;;;;;;;;;;;;;;;;;;;;;
sahel_jihad_cb_desc;Потребовать §Yрегион§W безбожников.;Prendre un §YЙtat§W ennemi o?nous avons des §Yprovinces principales§W;Erobern Sie einen feindlichen §YStaat§W, in dem wir §YKernprovinzen§W haben.;;;;;;;;;;;x,,;;;;;;;;;;;;;;;;;;;;;;;;;;;;;;;;;;;;;
sahel_jihad_cb_short;Потребовать $STATE$;Prendre $STATE$;$STATE$ erwerben;;;;;;;;;;;;x;;;;;;;;;;;;;;,,,;;;;;;;;;;;;;;;;;;;;;;
sahel_jihad_cb_setup;Потребовать $STATE$ от державы $RECIPIENT$;Prendre Йtat cl?$STATE$ de $RECIPIENT$;Kern-$STATE$ von $RECIPIENT$ erwerben;;;;;;;;;;;;x;;;;;;;;;;;;;;,,,;;;;;;;;;;;;;;;;;;;;;;
acquire_all_cores;Потребовать все нац. Провинции.;;;;;;;;;;;;;x,,,;;;;;;;;;;;;;;;;;;;;;;;;;;;;;;;;;;;;;
acquire_all_cores_short;Потребовать все нац. провинции от державы $RECIPIENT$;;;;;;;;;;;;;x,,,;;;;;;;;;;;;;;;;;;;;;;;;;;;;;;;;;;;;;
acquire_all_cores_setup;Потребовать все нац. провинции от державы $RECIPIENT$;;;;;;;;;;;;;x,,,;;;;;;;;;;;;;;;;;;;;;;;;;;;;;;;;;;;;;
acquire_all_cores_desc;Потребовать все вражеские §Yрегионы§W, в которых мы имеем §Yнац. провинции§W;;;;;;;;;;;;;x,,,;;;;;;;;;;;;;;;;;;;;;;;;;;;;;;;;;;;;;
AGRESSION_WAR_ALL_CORES_NAME_USA_ENG;$ORDER$Британо-американская война;;;;;;;;;;;;x,,,;;;;;;;;;;;;;;;;;;;;;;;;;;;;;;;;;;;;;;
NORMAL_WAR_ALL_CORES_NAME_USA_ENG;$ORDER$Британо-американская война;;;;;;;;;;;;x,,,;;;;;;;;;;;;;;;;;;;;;;;;;;;;;;;;;;;;;;
AGRESSION_WAR_ALL_CORES_NAME_ENG_USA;$ORDER$Британо-американская война;;;;;;;;;;;;x,,,;;;;;;;;;;;;;;;;;;;;;;;;;;;;;;;;;;;;;;
NORMAL_WAR_ALL_CORES_NAME_ENG_USA;$ORDER$Британо-американская война;;;;;;;;;;;;x,,,;;;;;;;;;;;;;;;;;;;;;;;;;;;;;;;;;;;;;;
