PROV2131;Фолкленды - Южная Георгия;;;;;;;;;;;;;x;;;;;;;;;;;;;;
PROV3319;Вахитахи;;;;;;;;;;;;;x;;;;;;;;;;;;;;
PROV3320;Ваираатеа;;;;;;;;;;;;;x;;;;;;;;;;;;;;
PROV3321;Нюкутавек;;;;;;;;;;;;;x;;;;;;;;;;;;;;
PROV3322;Пинаки;;;;;;;;;;;;;x;;;;;;;;;;;;;;
FRA_411;Арденны;;;;;;;;;;;;x;;;;;;;;;;;;;;;
PROV934;Эс-Самава;;;;;;;;;;;;x;;;;;;;;;;;;;;;
AUS_627;Нижняя Силезия;;;;;;;;;;;;x;;;;;;;;;;;;;;;
ABU_1162;Персидский залив;;;;;;;;;;;;x;;;;;;;;;;;;;;;
EGY_897;Западная Сирия;;;;;;;;;;;;x;;;;;;;;;;;;;;;
EGY_903;Восточная Сирия;;;;;;;;;;;;x;;;;;;;;;;;;;;;
PROV928;Баакуба;;;;;;;;;;;;x;;;;;;;;;;;;;;;
PROV1813;Хасеке;;;;;;;;;;;;x;;;;;;;;;;;;;;;
PROV907;Дайр-эз-Заур;;;;;;;;;;;;x;;;;;;;;;;;;;;;
PROV901;Ракка;;;;;;;;;;;;x;;;;;;;;;;;;;;;
PROV2133;Гизаб;;;;;;;;;;;;x;;;;;;;;;;;;;;;
PROV1214;Зарандж;;;;;;;;;;;;x;;;;;;;;;;;;;;;
PROV582;Билефельд;;;;;;;;;;;;x;;;;;;;;;;;;;;;
FRA_400;Шампань;;;;;;;;;;;;x;;;;;;;;;;;;;;;
PROV2346;Колония;;;;;;;;;;;;x;;;;;;;;;;;;;;;
PROV1447;Талиабу;;;;;;;;;;;;x;;;;;;;;;;;;;;;
BEL_1977;Бас-Конго;;;;;;;;;;;;x;;;;;;;;;;;;;;;
TUR_832;Фессалия;;;;;;;;;;;;x;;;;;;;;;;;;;;;
PROV1972;Барака;;;;;;;;;;;;x;;;;;;;;;;;;;;;
EGY_1758;Западная пустыня;;;;;;;;;;;;x;;;;;;;;;;;;;;;
PROV1895;Далоа;;;;;;;;;;;;x;;;;;;;;;;;;;;;
FRA_1775;Траб-Аль-Бейдан;;;;;;;;;;;;x;;;;;;;;;;;;;;;
PROV2721;Гельголандская бухта;;;;;;;;;;;;x;;;;;;;;;;;;;;;
RUS_959;Волынь;;;;;;;;;;;;x;;;;;;;;;;;;;;;
druze;Друзы;;;;;;;;;;;;x;;;;;;;;;;;;;;;
PROV911;Маан;;;;;;;;;;;;x;;;;;;;;;;;;;;;
PROV910;Азрак;;;;;;;;;;;;x;;;;;;;;;;;;;;;
PROV2582;Котор;;;;;;;;;;;;x,,,,,,,,,,,,,,,,,,,,;;;;;;;;;;;;;;;
PROV1839;Эль-Фула;;;;;;;;;;;;x,,,,,,,,,,,,,,,,,,,,;;;;;;;;;;;;;;;
PROV1739;Эн-Нухуд;;;;;;;;;;;;x,,,,,,,,,,,,,,,,,,,,;;;;;;;;;;;;;;;
PROV1806;Байуда;;;;;;;;;;;;x,,,,,,,,,,,,,,,,,,,,;;;;;;;;;;;;;;;
PROV2046;Мбея;;;;;;;;;;;;x,,,,,,,,,,,,,,,,,,,,;;;;;;;;;;;;;;;
PROV1850;Кэрэн;;;;;;;;;;;;x,,,,,,,,,,,,,,,,,,,,;;;;;;;;;;;;;;;
AUS_733;Фриули;;;;;;;;;;;;x,,,,,,,,,,,,,,,,,,,,;;;;;;;;;;;;;;;
PAP_741;Эмилия-Романья;;;;;;;;;;;;x,,,,,,,,,,,,,,,,,,,,;;;;;;;;;;;;;;;
mining_district;Район добычи полезных ископаемых;;;;;;;;;;;;x,,,,,,,,,,,,,,,,,,,,;;;;;;;;;;;;;;;
new_world_semidesert;Кустарниковая степь;;;;;;;;;;;;x,,,,,,,,,,,,,,,,,,,,;;;;;;;;;;;;;;;
new_world_desert;Пустыня;;;;;;;;;;;;x,,,,,,,,,,,,,,,,,,,,;;;;;;;;;;;;;;;
new_world_boreal;Тайга;;;;;;;;;;;;x,,,,,,,,,,,,,,,,,,,,;;;;;;;;;;;;;;;
new_world_montane_tundra;Горная тундра;;;;;;;;;;;;x,,,,,,,,,,,,,,,,,,,,;;;;;;;;;;;;;;;
new_world_arctic;Тундра;;;;;;;;;;;;x,,,,,,,,,,,,,,,,,,,,;;;;;;;;;;;;;;;
new_world_mountain;Альпийские луга;;;;;;;;;;;;x,,,,,,,,,,,,,,,,,,,,;;;;;;;;;;;;;;;
new_world_jungle;Джунгли;;;;;;;;;;;;x,,,,,,,,,,,,,,,,,,,,;;;;;;;;;;;;;;;
new_world_plains;Луга;;;;;;;;;;;;x,,,,,,,,,,,,,,,,,,,,;;;;;;;;;;;;;;;
new_world_small_island;Остров;;;;;;;;;;;;x,,,,,,,,,,,,,,,,,,,,;;;;;;;;;;;;;;;
arid_climate;Аридный климат;;;;;;;;;;;;x,,,,,,,,,,,,,,,,,,,,;;;;;;;;;;;;;;;
CANAL_6;Ла-Манш;;;;;;;;;;;;;;;;;;;;;;;;;x;;
GRE_837;Центральная Греция;;;;;;;;;;;;x,,,,,,,,,,,,,,,,,,,,;;;;;;;;;;;;;;;
PROV2669;Сондрио;;;;;;;;;;;;x,,,,,,,,,,,,,,,,,,,,;;;;;;;;;;;;;;;
PROV8;Беллуно;;;;;;;;;;;;x,,,,,,,,,,,,,,,,,,,,;;;;;;;;;;;;;;;
PROV2351;Магдалена;;;;;;;;;;;;x,,,,,,,,,,,,,,,,,,,,;;;;;;;;;;;;;;;
PROV10;Пескара;;;;;;;;;;;;x,,,,,,,,,,,,,,,,,,,,;;;;;;;;;;;;;;;
PROV3318;Озеро Сайма;;;;;;;;;;;;x,,,,,,,,,,,,,,,,,,,,;;;;;;;;;;;;;;;
PROV3317;Озеро Пяйянне;;;;;;;;;;;;x,,,,,,,,,,,,,,,,,,,,;;;;;;;;;;;;;;;
PROV3316;Озеро Оулуярви;;;;;;;;;;;;x,,,,,,,,,,,,,,,,,,,,;;;;;;;;;;;;;;;
PROV3315;Сегозеро;;;;;;;;;;;;x,,,,,,,,,,,,,,,,,,,,;;;;;;;;;;;;;;;
PROV3314;Озеро Стуршён;;;;;;;;;;;;x,,,,,,,,,,,,,,,,,,,,;;;;;;;;;;;;;;;
PROV3313;Озеро Сильян;;;;;;;;;;;;x,,,,,,,,,,,,,,,,,,,,;;;;;;;;;;;;;;;
PROV3312;Озеро Ельмарен;;;;;;;;;;;;x,,,,,,,,,,,,,,,,,,,,;;;;;;;;;;;;;;;
PROV3311;Лох-Ней;;;;;;;;;;;;x,,,,,,,,,,,,,,,,,,,,;;;;;;;;;;;;;;;
PROV3310;Озеро Далайнор;;;;;;;;;;;;x,,,,,,,,,,,,,,,,,,,,;;;;;;;;;;;;;;;
PROV3309;Озеро Намак;;;;;;;;;;;;x,,,,,,,,,,,,,,,,,,,,;;;;;;;;;;;;;;;
PROV3308;Озеро Хар-Ус-Нуур;;;;;;;;;;;;x,,,,,,,,,,,,,,,,,,,,;;;;;;;;;;;;;;;
PROV3307;Озеро Хяргас-Нуур;;;;;;;;;;;;x,,,,,,,,,,,,,,,,,,,,;;;;;;;;;;;;;;;
PROV3306;Озеро Увс-Нур;;;;;;;;;;;;x,,,,,,,,,,,,,,,,,,,,;;;;;;;;;;;;;;;
PROV3305;Озеро Хубсугул;;;;;;;;;;;;x,,,,,,,,,,,,,,,,,,,,;;;;;;;;;;;;;;;
PROV3304;Озеро Зайсан;;;;;;;;;;;;x,,,,,,,,,,,,,,,,,,,,;;;;;;;;;;;;;;;
PROV3303;Озеро Алаколь;;;;;;;;;;;;x,,,,,,,,,,,,,,,,,,,,;;;;;;;;;;;;;;;
PROV3302;Озеро Ханка;;;;;;;;;;;;x,,,,,,,,,,,,,,,,,,,,;;;;;;;;;;;;;;;
PROV3301;Озеро Хунцзэху;;;;;;;;;;;;x,,,,,,,,,,,,,,,,,,,,;;;;;;;;;;;;;;;
PROV3300;Озеро Силинг-Цо;;;;;;;;;;;;x,,,,,,,,,,,,,,,,,,,,;;;;;;;;;;;;;;;
PROV3299;Озеро Шот Шерги;;;;;;;;;;;;x,,,,,,,,,,,,,,,,,,,,;;;;;;;;;;;;;;;
PROV3298;Озеро Шот эль Одна;;;;;;;;;;;;x,,,,,,,,,,,,,,,,,,,,;;;;;;;;;;;;;;;
PROV3297;Озеро Шотт-Мельгир;;;;;;;;;;;;x,,,,,,,,,,,,,,,,,,,,;;;;;;;;;;;;;;;
PROV3296;Озеро Шотт-эль-Джерид;;;;;;;;;;;;x,,,,,,,,,,,,,,,,,,,,;;;;;;;;;;;;;;;
PROV3295;Озеро Тайху;;;;;;;;;;;;x,,,,,,,,,,,,,,,,,,,,;;;;;;;;;;;;;;;
PROV3294;Озеро Мверу;;;;;;;;;;;;x,,,,,,,,,,,,,,,,,,,,;;;;;;;;;;;;;;;
PROV3293;Озеро Руква;;;;;;;;;;;;x,,,,,,,,,,,,,,,,,,,,;;;;;;;;;;;;;;;
PROV3292;Озеро Аргайл;;;;;;;;;;;;x,,,,,,,,,,,,,,,,,,,,;;;;;;;;;;;;;;;
PROV3291;Озеро Маккай;;;;;;;;;;;;x,,,,,,,,,,,,,,,,,,,,;;;;;;;;;;;;;;;
PROV3290;Озеро Эйр;;;;;;;;;;;;x,,,,,,,,,,,,,,,,,,,,;;;;;;;;;;;;;;;
PROV3289;Озеро Фром;;;;;;;;;;;;x,,,,,,,,,,,,,,,,,,,,;;;;;;;;;;;;;;;
PROV3288;Озеро Торренс;;;;;;;;;;;;x,,,,,,,,,,,,,,,,,,,,;;;;;;;;;;;;;;;
PROV3287;Озеро Гейрднер;;;;;;;;;;;;x,,,,,,,,,,,,,,,,,,,,;;;;;;;;;;;;;;;
PROV3286;Озеро Тхалелуанг;;;;;;;;;;;;x,,,,,,,,,,,,,,,,,,,,;;;;;;;;;;;;;;;
PROV3285;Озеро Фагнано;;;;;;;;;;;;x,,,,,,,,,,,,,,,,,,,,;;;;;;;;;;;;;;;
PROV12;Садо;;;;;;;;;;;x,,,,,,,,,,,,,,,,,,,,;;;;;;;;;;;;;;;;
PROV1531;Томбара;;;;;;;;;;;x,,,,,,,,,,,,,,,,,,,,;;;;;;;;;;;;;;;;
PROV2537;Бирара;;;;;;;;;;;x,,,,,,,,,,,,,,,,,,,,;;;;;;;;;;;;;;;;
PROV158;Гранд Портедж;;;;;;;;;;;x,,,,,,,,,,,,,,,,,,,,;;;;;;;;;;;;;;;;
PROV29;Кызылкум;;;;;;;;;;;x,,,,,,,,,,,,,,,,,,,,;;;;;;;;;;;;;;;;
PROV2595;Нунавут;;;;;;;;;;;x,,,,,,,,,,,,,,,,,,,,,,;;;;;;;;;;;;;;;;
PROV25;Олд Бау Форт;;;;;;;;;;;x,,,,,,,,,,,,,,,,,,,,,,;;;;;;;;;;;;;;;;
PROV6;Селкерк;;;;;;;;;;;x,,,,,,,,,,,,,,,,,,,,,,;;;;;;;;;;;;;;;;
PROV35;Форт Питт;;;;;;;;;;;x,,,,,,,,,,,,,,,,,,,,,,;;;;;;;;;;;;;;;;
PROV28;Джаспер;;;;;;;;;;;x,,,,,,,,,,,,,,,,,,,,,,;;;;;;;;;;;;;;;;
PROV26;Роки-Маунтин-Хаус;;;;;;;;;;;x,,,,,,,,,,,,,,,,,,,,,,;;;;;;;;;;;;;;;;
PROV22;Букингемский дворец;;;;;;;;;;;x,,,,,,,,,,,,,,,,,,,,,,;;;;;;;;;;;;;;;;
PROV24;Форт Честерфилд;;;;;;;;;;;x,,,,,,,,,,,,,,,,,,,,,,;;;;;;;;;;;;;;;;
PROV34;Форт Карлтон;;;;;;;;;;;x,,,,,,,,,,,,,,,,,,,,,,;;;;;;;;;;;;;;;;
PROV33;Батлфорд;;;;;;;;;;;x,,,,,,,,,,,,,,,,,,,,,,;;;;;;;;;;;;;;;;
PROV41;Форт Эллис;;;;;;;;;;;x,,,,,,,,,,,,,,,,,,,,,,;;;;;;;;;;;;;;;;
PROV2594;Оснабург Хаус;;;;;;;;;;;x,,,,,,,,,,,,,,,,,,,,,,;;;;;;;;;;;;;;;;
PROV49;Рэт Портидж;;;;;;;;;;;x,,,,,,,,,,,,,,,,,,,,,,;;;;;;;;;;;;;;;;
PROV52;Ориллия;;;;;;;;;;;x,,,,,,,,,,,,,,,,,,,,,,;;;;;;;;;;;;;;;;
PROV75;Порт-о-Баск;;;;;;;;;;;x,,,,,,,,,,,,,,,,,,,,,,;;;;;;;;;;;;;;;;
PROV69;Пёти-Со;;;;;;;;;;;;x;;;;;;;;;;;;;;;
PROV683;Вальденбург;;;;;;;;;;;x,,,,,,,,,,,,,,,,,,,,,,;;;;;;;;;;;;;;;;
PROV43;Кларксвилл;;;;;;;;;;;x,,,,,,,,,,,,,,,,,,,,,,;;;;;;;;;;;;;;;;
PROV134;Форт Паркер;;;;;;;;;;;x,,,,,,,,,,,,,,,,,,,,,,;;;;;;;;;;;;;;;;
PROV135;Ллано-Эстакадо;;;;;;;;;;;x,,,,,,,,,,,,,,,,,,,,,,;;;;;;;;;;;;;;;;
PROV85;Сонома;;;;;;;;;;;x,,,,,,,,,,,,,,,,,,,,,,;;;;;;;;;;;;;;;;
urban;Городской;;;;;;;;;;;x,,,,,,,,,,,,,,,,,,,,,,;;;;;;;;;;;;;;;;
FRA_1901;Уэ;;;;;;;;;;;x,,,,,,,,,,,,,,,,,,,,,,;;;;;;;;;;;;;;;;
ASH_1910;Вольта;;;;;;;;;;;;x,,,,,,,,,,,,,,,,,,,,,,;;;;;;;;;;;;;;;
PROV155;Форт Снеллинг;;;;;;;;;;;;x,,,,,,,,,,,,,,,,,,,,,,;;;;;;;;;;;;;;;
PROV156;Форт Ренвилл;;;;;;;;;;;;x,,,,,,,,,,,,,,,,,,,,,,;;;;;;;;;;;;;;;
PROV157;Форт-Рипли;;;;;;;;;;;;x,,,,,,,,,,,,,,,,,,,,,,;;;;;;;;;;;;;;;
PROV92;Калиспелл;;;;;;;;;;;;x,,,,,,,,,,,,,,,,,,,,,,;;;;;;;;;;;;;;;
PROV93;Форт Холл;;;;;;;;;;;;x,,,,,,,,,,,,,,,,,,,,,,;;;;;;;;;;;;;;;
PROV123;Форт Робиду;;;;;;;;;;;;x,,,,,,,,,,,,,,,,,,,,,,;;;;;;;;;;;;;;;
PROV124;Пост Бордо;;;;;;;;;;;;x,,,,,,,,,,,,,,,,,,,,,,;;;;;;;;;;;;;;;
PROV125;Фонтенель Пост;;;;;;;;;;;;x,,,,,,,,,,,,,,,,,,,,,,;;;;;;;;;;;;;;;
PROV126;Форт Ливенворт;;;;;;;;;;;;x,,,,,,,,,,,,,,,,,,,,,,;;;;;;;;;;;;;;;
PROV127;Форт Манн;;;;;;;;;;;;x,,,,,,,,,,,,,,,,,,,,,,;;;;;;;;;;;;;;;
PROV113;Gallatin Valley;;;;;;;;;;;;x,,,,,,,,,,,,,,,,,,,,,,;;;;;;;;;;;;;;;
PROV117;Форт Кларк;;;;;;;;;;;;x,,,,,,,,,,,,,,,,,,,,,,;;;;;;;;;;;;;;;
PROV118;Форт Джеймс;;;;;;;;;;;;x,,,,,,,,,,,,,,,,,,,,,,;;;;;;;;;;;;;;;
PROV119;Форт Юнион;;;;;;;;;;;;x,,,,,,,,,,,,,,,,,,,,,,;;;;;;;;;;;;;;;
PROV122;Форт Пьер;;;;;;;;;;;;x,,,,,,,,,,,,,,,,,,,,,,;;;;;;;;;;;;;;;
PROV121;Сидар Форт;;;;;;;;;;;;x,,,,,,,,,,,,,,,,,,,,,,;;;;;;;;;;;;;;;
PROV120;Форт Кийова;;;;;;;;;;;;x,,,,,,,,,,,,,,,,,,,,,,;;;;;;;;;;;;;;;
PROV114;Форт Оуэн;;;;;;;;;;;;x,,,,,,,,,,,,,,,,,,,,,,;;;;;;;;;;;;;;;
PROV115;Форт Бентон;;;;;;;;;;;;x,,,,,,,,,,,,,,,,,,,,,,;;;;;;;;;;;;;;;
PROV116;Форт Ван Бюрен;;;;;;;;;;;;x,,,,,,,,,,,,,,,,,,,,,,;;;;;;;;;;;;;;;
PROV131;Форт Уошита;;;;;;;;;;;;x,,,,,,,,,,,,,,,,,,,,,,;;;;;;;;;;;;;;;
PROV130;Форт Гибсон;;;;;;;;;;;;x,,,,,,,,,,,,,,,,,,,,,,;;;;;;;;;;;;;;;
PROV111;Форт Бонневиль;;;;;;;;;;;;x,,,,,,,,,,,,,,,,,,,,,,;;;;;;;;;;;;;;;
PROV112;Форт Лереми;;;;;;;;;;;;x,,,,,,,,,,,,,,,,,,,,,,;;;;;;;;;;;;;;;
PROV106;Бентс Форт ;;;;;;;;;;;;x,,,,,,,,,,,,,,,,,,,,,,;;;;;;;;;;;;;;;
PROV2702;Алты-Кудук;;;;;;;;;;;;x,,,,,,,,,,,,,,,,,,,,,,;;;;;;;;;;;;;;;
PROV1210;Кундуз;;;;;;;;;;;;x,,,,,,,,,,,,,,,,,,,,,,;;;;;;;;;;;;;;;
PROV1196;Гургенч;;;;;;;;;;;;x,,,,,,,,,,,,,,,,,,,,,,;;;;;;;;;;;;;;;
PROV686;Мерв;;;;;;;;;;;;x,,,,,,,,,,,,,,,,,,,,,,;;;;;;;;;;;;;;;
BUR_1334;Мандалай;;;;;;;;;;;;x,,,,,,,,,,,,,,,,,,,,,,;;;;;;;;;;;;;;;
PROV2623;Мидуэй - Уэйк Айленд;;;;;;;;;;;;x,,,,,,,,,,,,,,,,,,,,,,;;;;;;;;;;;;;;;
PROV2524;Кирикирироа;;;;;;;;;;;;x,,,,,,,,,,,,,,,,,,,,,,;;;;;;;;;;;;;;;
PROV579;Нойвид;;;;;;;;;;;;;x,,,,,,,,,,,,,,,,,,,,,,;;;;;;;;;;;;;;
PROV574;Кобленц;;;;;;;;;;;;;x,,,,,,,,,,,,,,,,,,,,,,;;;;;;;;;;;;;;
PROV547;Грайфсвальд;;;;;;;;;;;;;x,,,,,,,,,,,,,,,,,,,,,,;;;;;;;;;;;;;;
PROV57;Бэйтаун;;;;;;;;;;;;;x,,,,,,,,,,,,,,,,,,,,,,;;;;;;;;;;;;;;
PROV2036;Мзизима;;;;;;;;;;;;;x,,,,,,,,,,,,,,,,,,,,,,;;;;;;;;;;;;;;
PROV2681;Тайбэй;;;;;;;;;;;;;x,,,,,,,,,,,,,,,,,,,,,,;;;;;;;;;;;;;;
PROV1485;Тайнань;;;;;;;;;;;;;x,,,,,,,,,,,,,,,,,,,,,,;;;;;;;;;;;;;;
PROV2562;Тайдун;;;;;;;;;;;;;x,,,,,,,,,,,,,,,,,,,,,,;;;;;;;;;;;;;;
PROV1743;Нордхорн;;;;;;;;;;;;;x,,,,,,,,,,,,,,,,,,,,,,;;;;;;;;;;;;;;
PROV1738;Джагбуб;;;;;;;;;;;;;x,,,,,,,,,,,,,,,,,,,,,,;;;;;;;;;;;;;;
PROV2585;Эль-Джауф;;;;;;;;;;;;;x,,,,,,,,,,,,,,,,,,,,,,;;;;;;;;;;;;;;
PROV1742;Уот;;;;;;;;;;;;;x,,,,,,,,,,,,,,,,,,,,,,;;;;;;;;;;;;;;
PROV1744;Себха;;;;;;;;;;;;;x,,,,,,,,,,,,,,,,,,,,,,;;;;;;;;;;;;;;
PROV2016;Мпика;;;;;;;;;;;;;x,,,,,,,,,,,,,,,,,,,,,,;;;;;;;;;;;;;;
PROV2017;Мвансабомбве;;;;;;;;;;;;;x,,,,,,,,,,,,,,,,,,,,,;;;;;;;;;;;;;;
PROV3104;Озеро Малави;;;;;;;;;;;;;x,,,,,,,,,,,,,,,,,,,,,,;;;;;;;;;;;;;;
PROV702;Львов;;;;;;;;;;;;;x,,,,,,,,,,,,,,,,,,,,,,;;;;;;;;;;;;;;
PROV952;Тернополь;;;;;;;;;;;;;x,,,,,,,,,,,,,,,,,,,,,,;;;;;;;;;;;;;;
PROV2605;Нгааньятжарраку;;;;;;;;;;;;;x,,,,,,,,,,,,,,,,,,,,,,;;;;;;;;;;;;;;
PROV2601;Маккай;;;;;;;;;;;;;x,,,,,,,,,,,,,,,,,,,,,,;;;;;;;;;;;;;;
PROV2495;Тирари;;;;;;;;;;;;;x,,,,,,,,,,,,,,,,,,,,,,;;;;;;;;;;;;;;
PROV1990;Кинду;;;;;;;;;;;;;x,,,,,,,,,,,,,,,,,,,,,,;;;;;;;;;;;;;;
PROV1991;Русози;;;;;;;;;;;;;x,,,,,,,,,,,,,,,,,,,,,,;;;;;;;;;;;;;;
PROV2471;Батерст;;;;;;;;;;;;;x,,,,,,,,,,,,,,,,,,,,,,;;;;;;;;;;;;;;
PROV2496;Налларбор;;;;;;;;;;;;;x,,,,,,,,,,,,,,,,,,,,,,;;;;;;;;;;;;;;
PROV2603;Танами;;;;;;;;;;;;;x,,,,,,,,,,,,,,,,,,,,,,;;;;;;;;;;;;;;
PROV2507;Мпарнтве;;;;;;;;;;;;;x,,,,,,,,,,,,,,,,,,,,,,;;;;;;;;;;;;;;
PROV2505;Порт Эссингтон;;;;;;;;;;;;;x,,,,,,,,,,,,,,,,,,,,,,;;;;;;;;;;;;;;
RUS_973;Херсон-Запорожье;;;;;;;;;;;;;x,,,,,,,,,,,,,,,,,,,,,,;;;;;;;;;;;;;;
RUS_955;Екатеринослав;;;;;;;;;;;;x;;;;;;;;;;;;;;;
PROV3107;Озеро Байкал;;;;;;;;;;;;;;;;;;;;;x;;;;;;
PROV2589;Цусима;;;;;;;;;;;;;;;;;;;;;;;;x;;;
PROV1724;Оркни энд Шетланд;;;;;;;;;;;;;;;;;;;;;;;;x;;;
PROV1858;Асайита;;;;;;;;;;;;;;;;;;;;;;;;x;;;
australia_new_zealand;Океания;;;;;;;;;;;;;;;;;;;;;;;;x;;;
polynesia;Полинезия;;;;;;;;;;;;;;;;;;;;;;;;x;;;
desert;Пустыня;;;;;;;;;;;;;;;;;;;;;;;x;;;;
semidesert;Полупустыня;;;;;;;;;;;;;;;;;;;;;;;;;;;x
small_island;Остров;;;;;;;;;;;;;;;;;;;;;;;;;;;x
coral_island;Атолл;;;;;;;;;;;;;;;;;;;;;;;;;;;x
forest;Лес;;;;;;;;x;;;;;;;;;;;;;;;;;;;
boreal;Тайга;;;;;;;;;;;;;;;;;;;;;;;;x;;;
arctic;Тундра;;;;;;;;;;;;;;;;;;;;;;;;x;;;
plains;Луга;;;;;;;;;;;;;;;;;;;;;;;;x;;;
hills;Холмы;;;;;;;;;;;;;;;;;x;;;;;;;;;;
dryhills;Сухие холмы;;;;;;;;;;;;;;;;;x;;;;;;;;;;
mountain;Альпийские луга;;;;;;;;;;;;;;;;;x;;;;;;;;;;
montane_tundra;Горная тундра;;;;;;;;;;;;;;;;;x;;;;;;;;;;
montane_forest;Горный лес;;;;;;;;;;;;;;;;;x;;;;;;;;;;
savanna;Саванна;;;;;;;;;;;;;;;;;;;;;;;;x;;;
PROV1377;Дананг;;;;;;;;;;;;;;;;;;x;;;;;;;;;
PROV1720;Бешар;;;;;;;;;;;;;;;;;;x;;;;;;;;;
PROV1714;Санта Роза;;;;;;;;;;;;;;;;;;x;;;;;;;;;
PROV2631;Уналаклит;;;;;;;;;;;;;;;;;;x;;;;;;;;;
PROV1780;Дебар;;;;;;;;;;;;;;;;;;x;;;;;;;;;
PROV2371;Укия;;;;;;;;;;;;;;;;;;x;;;;;;;;;
PROV2953;Нью-Йоркская бухта;;;;;;;;;;;;;;;;;;x;;;;;;;;;
PROV2954;Чесапикский залив;;;;;;;;;;;;;;;;;;x;;;;;;;;;
PROV1930;Идах;;;;;;;;;;;;;;;;;;x;;;;;;;;;
PROV1937;Вукари;;;;;;;;;;;;;;;;;;x;;;;;;;;;
PROV1936;Нсукка;;;;;;;;;;;;;;;;;;x;;;;;;;;;
PROV2697;Джинкири;;;;;;;;;;;;;;;;;;x;;;;;;;;;
PROV1081;Якеса;;;;;;;;;;;;;;;;;;x;;;;;;;;;
RUS_1072;Хайланьпао;;;;;;;;;;;;;;;;;x;;;;;;;;;;
PROV1085;Хайланьпао;;;;;;;;;;;;;;;;;x;;;;;;;;;;
PROV1600;Урумчи;;;;;;;;;;;;;;;;;x;;;;;;;;;;
PROV2839;Залив Терпения;;;;;;;;;;;;;;;;;x;;;;;;;;;;
PROV2831;Пролив Лаперуза;;;;;;;;;;;;;;;;;x;;;;;;;;;;
PROV2830;Японское море;;;;;;;;;;;;;;;;;x;;;;;;;;;;
PROV1557;Синин;;;;;;;;;;;;;;;;;x;;;;;;;;;;
PROV2329;Араукания;;;;;;;;;;;;;;;;;x;;;;;;;;;;
PROV2326;Аконкагуа;;;;;;;;;;;;;;;;;x;;;;;;;;;;
PROV2244;о. Рождества и Кокосовые о-ва;;;;;;;;;;;;;;;;;x;;;;;;;;;;
PROV2406;Пэнху;;;;;;;;;;;;;;;;;x;;;;;;;;;;
PROV2113;Умгунгундлову;;;;;;;;;;;;;;;;;x;;;;;;;;;;
PROV2110;Тзанеен;;;;;;;;;;;;;;;;;x;;;;;;;;;;
PROV2058;Мойо;;;;;;;;;;;;;;;;;x;;;;;;;;;;
PROV2050;Маньякази;;;;;;;;;;;;;;;;;x;;;;;;;;;;
POR_2049;Газа;;;;;;;;;;;;;;;;;x;;;;;;;;;;
PROV2049;Инкомати;;;;;;;;;;;;;;;;;x;;;;;;;;;;
POR_2060;Мозамбик;;;;;;;;;;;;;;;;;x;;;;;;;;;;
PROV2088;Окип;;;;;;;;;;;;;;;;;x;;;;;;;;;;
PROV2558;Эмтанжени;;;;;;;;;;;;;;;;;x;;;;;;;;;;
PROV2093;Хантам;;;;;;;;;;;;;;;;;x;;;;;;;;;;
PROV2084;Номабеб;;;;;;;;;;;;;;;;;x;;;;;;;;;;
PROV2081;Лухононо;;;;;;;;;;;;;;;;;x;;;;;;;;;;
PROV2082;Эпако;;;;;;;;;;;;;;;;;x;;;;;;;;;;
PROV2080;Хрутфонтейн;;;;;;;;;;;;;;;;;x;;;;;;;;;;
PROV1788;Кахон;;;;;;;;;;;;;;;;;x;;;;;;;;;;
PROV1540;Наньтун;;;;;;;;;;;;;;;;;;;;;;;x;;;;
PROV2526;Лайн - Пальмира;;;;;;;;;;;;;;;;;;;;;;;x;;;;
TIB_1591;Тибетское нагорье;;;;;;;;;;;;;;;;;;;;;;;x;;;;
PROV2482;Земля Ван-Димена;;;;;;;;;;;;;;;;;;;;;;;x;;;;
PROV2382;Лабулайе;;;;;;;;;;;;;;;;;;;;;;;x;;;;
PROV2640;Гвадар;;;;;;;;;;;;;;;;;;;;;;;x;;;;
PROV1071;Кешм;;;;;;;;;;;;;;;;;;;;;;;x;;;;
PROV2786;Оманский залив;;;;;;;;;;;;;;;;;;;;;;;x;;;;
PROV2787;Ормузский пролив;;;;;;;;;;;;;;;;;;;;;;;x;;;;
PROV2664;Эль-Хасаб;;;;;;;;;;;;;;;;;;;;;;;x;;;;
PROV45;Мариго;;;;;;;;;;;;x;;;;;;;;;;;;;;;
PROV2236;Филипсбург;;;;;;;;;;;;x;;;;;;;;;;;;;;;
PEU_2297;Куско;;;;;;;;;;;;x;;;;;;;;;;;;;;;
PROV2667;Батагай;;;;;;;;;;;;x;;;;;;;;;;;;;;;
PROV110;Рок-Спрингс;;;;;;;;;;;;x;;;;;;;;;;;;;;;
PROV1387;Порт-Кланг;;;;;;;;;;;;x;;;;;;;;;;;;;;;
PROV1385;Джохор-Бару;;;;;;;;;;;;x;;;;;;;;;;;;;;;
PROV88;Мохаве;;;;;;;;;;;;x;;;;;;;;;;;;;;;
CAN_18;Новая Каледония;;;;;;;;;;;;x;;;;;;;;;;;;;;;
ALD_1714;Саура;;;;;;;;;;;;x;;;;;;;;;;;;;;;
PROV2590;Сеута;;;;;;;;;;;;x;;;;;;;;;;;;;;;
PROV3236;Анам а Чепер;;;;;;;;;;;;x;;;;;;;;;;;;;;;
PROV641;Пешт;;;;;;;;;;;;x;;;;;;;;;;;;;;;
PROV2637;Вен;;;;;;;;;;;;x;;;;;;;;;;;;;;;
PROV2632;Гуанчжоувань;;;;;;;;;;;;x;;;;;;;;;;;;;;;
PROV1495;Маомин;;;;;;;;;;;;x;;;;;;;;;;;;;;;
PROV1644;Меакан;;;;;;;;;;;;x;;;;;;;;;;;;;;;
PROV1443;Роте;;;;;;;;;;;;x;;;;;;;;;;;;;;;
PROV2224;Антигуа и Барбуда;;;;;;;;;;;;x;;;;;;;;;;;;;;;
PROV2220;Теркс и Кайкос;;;;;;;;;;;;x;;;;;;;;;;;;;;;
CHI_1082;Гуанвэй;;;;;;;;;;;;x;;;;;;;;;;;;;;;
PROV2591;Транкебар;;;;;;;;;;;;x;;;;;;;;;;;;;;;
SWI_603;Швейцария;;;;;;;;;;;;x;;;;;;;;;;;;;;;
PROV2625;Северо-Западная река;;;;;;;;;;;;x;;;;;;;;;;;;;;;
PROV2580;Новая Ладога;;;;;;;;;;;;x;;;;;;;;;;;;;;;
PROV995;Петрозаводск;;;;;;;;;;;;x;;;;;;;;;;;;;;;
PROV965;Херсон;;;;;;;;;;;;x;;;;;;;;;;;;;;;
PROV1048;Екатеринодар;;;;;;;;;;;;x;;;;;;;;;;;;;;;
PROV1045;Мигулинская;;;;;;;;;;;;x;;;;;;;;;;;;;;;
PROV950;Ужгород;;;;;;;;;;;;x;;;;;;;;;;;;;;;
RUS_1185;Жетысу;;;;;;;;;;;;x;;;;;;;;;;;;;;;
PROV1201;Худжанд;;;;;;;;;;;;x;;;;;;;;;;;;;;;
PROV1206;Амул;;;;;;;;;;;;x;;;;;;;;;;;;;;;
RUS_2618;Магадан;;;;;;;;;;;;x;;;;;;;;;;;;;;;
RUS_2621;Колыма;;;;;;;;;;;;x;;;;;;;;;;;;;;;
RUS_2590;Чукотка;;;;;;;;;;;;x;;;;;;;;;;;;;;;
RUS_1070;Енисейск;;;;;;;;;;;;x;;;;;;;;;;;;;;;
RUS_2694;Эвенкия;;;;;;;;;;;;x;;;;;;;;;;;;;;;
RUS_2615;Северо-Енисейский округ;;;;;;;;;;;;x;;;;;;;;;;;;;;;
RUS_1065;Ямалия;;;;;;;;;;;;x;;;;;;;;;;;;;;;
RUS_2653;Ханты-Мансийский округ;;;;;;;;;;;;x;;;;;;;;;;;;;;;
PROV2634;Беринговский;;;;;;;;;;;;;;;;;;;;;;;x;;;;
PROV2661;Belebino;;;;;;;;;;;;;;;;;;;;;;;x;;;;
PROV2660;Сеймчан;;;;;;;;;;;;;;;;;;;;;;;x;;;;
PROV2620;Сусуман;;;;;;;;;;;;;;;;;;;;;;;x;;;;
PROV2639;Арман;;;;;;;;;;;;;;;;;;;;;;;x;;;;
PROV2665;Чокурдах;;;;;;;;;;;;;;;;;;;;;;;x;;;;
PROV2647;Лифау;;;;;;;;;;;;;;;;;;;;;;;x;;;;
PROV1080;Чумикан;;;;;;;;;;;;;;;;;;;;;;;x;;;;
PROV2671;Баргузин;;;;;;;;;;;;;;;;;;;;;;;x;;;;
PROV2670;Верхнеудинск;;;;;;;;;;;;;;;;;;;;;;;x;;;;
PROV2662;Анимас;;;;;;;;;;;;;;;;;;;;;;;x;;;;
PROV1073;Гижига;;;;;;;;;;;;;;;;;;;;;;;x;;;;
PROV1076;Нижнеудинск;;;;;;;;;;;;;;;;;;;;;;;x;;;;
PROV2645;Бодайбо;;;;;;;;;;;;;;;;;;;;;;;x;;;;
PROV2693;Ессей;;;;;;;;;;;;;;;;;;;;;;;x;;;;
PROV2677;Илимск;;;;;;;;;;;;;;;;;;;;;;;x;;;;
PROV2675;Ербогачён;;;;;;;;;;;;;;;;;;;;;;;x;;;;
PROV2701;Канск;;;;;;;;;;;;;;;;;;;;;;;x;;;;
PROV1070;Енисейск;;;;;;;;;;;;;;;;;;;;;;;x;;;;
PROV2656;Байкит;;;;;;;;;;;;;;;;;;;;;;;x;;;;
PROV2651;Мирный;;;;;;;;;;;;;;;;;;;;;;;x;;;;
PROV2674;Абакан;;;;;;;;;;;;;;;;;;;;;;;x;;;;
PROV2682;Обдорск;;;;;;;;;;;;;;;;;;;;;;;x;;;;
PROV2646;Сургут;;;;;;;;;;;;;;;;;;;;;;;x;;;;
PROV2690;Юганск;;;;;;;;;;;;;;;;;;;;;;;x;;;;
PROV2685;Верхотурье;;;;;;;;;;;;;;;;;;;;;;;x;;;;
PROV2614;Шадринск;;;;;;;;;;;;;;;;;;;;;;;x;;;;
PROV2658;Курган;;;;;;;;;;;;;;;;;;;;;;;x;;;;
PROV2683;Нарым;;;;;;;;;;;;;;;;;;;;;;;x;;;;
PROV2613;Надым;;;;;;;;;;;;;;;;;;;;;;;x;;;;
PROV2659;Хальмер-Седэ;;;;;;;;;;;;;;;;;;;;;;;x;;;;
PROV2698;Кузнецк;;;;;;;;;;;;;;;;;;;;;;;x;;;;
PROV2691;Минусинск;;;;;;;;;;;;;;;;;;;;;;;x;;;;
PROV2657;Дудинка;;;;;;;;;;;;;;;;;;;;;;;x;;;;
PROV2680;Волочанка;;;;;;;;;;;;;;;;;;;;;;;x;;;;
PROV1065;Нягань;;;;;;;;;;;;;;;;;;;;;;;x;;;;
PROV2686;Каинск;;;;;;;;;;;;;;;;;;;;;;;x;;;;
PROV1696;Мыс Хуби;;;;;;;;;;;;x;;;;;;;;;;;;;;;
ENG_1251;Западная Бенгалия;;;;;;;;;;;;x;;;;;;;;;;;;;;;
ENG_1252;Восточная Бенгалия;;;;;;;;;;;;x;;;;;;;;;;;;;;;
PROV1290;Умеркот;;;;;;;;;;;;x;;;;;;;;;;;;;;;
KOK_1190;Алайский район;;;;;;;;;;;;x;;;;;;;;;;;;;;;
PROV892;Бэй;;;;;;;;;;;;x;;;;;;;;;;;;;;;
PROV924;Равандуз;;;;;;;;;;;;x;;;;;;;;;;;;;;;
PROV925;Сулеймания;;;;;;;;;;;;x;;;;;;;;;;;;;;;
PROV1110;Урмия;;;;;;;;;;;;x;;;;;;;;;;;;;;;
PROV2414;Джизре;;;;;;;;;;;;x;;;;;;;;;;;;;;;
PROV914;Триполи;;;;;;;;;;;;x;;;;;;;;;;;;;;;
PROV1469;Урианхай;;;;;;;;;;;;x;;;;;;;;;;;;;;;
PROV1181;Акмолинск;;;;;;;;;;;;;;;;;;;;;;x;;;;;
PROV1205;Кызылсу;;;;;;;;;;;;;;;;;;;;;;;x;;;;
PROV1204;Ашхабад;;;;;;;;;;;;;;;;;;;;;;;x;;;;
PROV1194;Новопетровское;;;;;;;;;;;;;;;;;;;;;;;x;;;;
PROV1197;Шымкент;;;;;;;;;;;;;;;;;;;;;;;x;;;;
PROV1185;Туркестан;;;;;;;;;;;;;;;;;;;;;;;x;;;;
PROV3106;Озеро Бал?аш;;;;;;;;;;;;;;;;;;;;;;;x;;;;
PROV1186;Жетысу;;;;;;;;;;;;;;;;;;;;;;;x;;;;
PROV1193;Ак-Мечеть;;;;;;;;;;;;;;;;;;;;;;;x;;;;
PROV2606;Бал?аш;;;;;;;;;;;;;;;;;;;;;;;x;;;;
ARG_2384;Кордова;;;;;;;;;;;;;;;;;;;;;;;x;;;;
ARG_2393;Ла-Пампа;;;;;;;;;;;;;;;;;;;;;;;x;;;;
PROV1391;Кубанг Лабу;;;;;;;;;;;;;;;;;;;;;;;x;;;;
PROV1382;Хэ Тин;;;;;;;;;;;;;;;;;;;;;;;x;;;;
RUS_1048;Черкесия;;;;;;;;;;;;;;;;;;;;;;;x;;;;
PROV900;Антакья;;;;;;;;;;;;;;;;;;;;;;;x;;;;
PROV689;Цешин;;;;;;;;;;;;;;;;;;;;;;;x;;;;
PROV1773;Сегиет-эль-Хамра;;;;;;;;;;;;;;;;;;;;;;;x;;;;
PROV1178;Сана;;;;;;;;;;;;;;;;;;;;;;;x;;;;
PROV969;Ольвиополь;;;;;;;;;;;;;x,,,,,,,,,,,,,,,,,,,,,,;;;;;;;;;;;;;;
PROV972;Екатеринослав;;;;;;;;;;;;;x,,,,,,,,,,,,,,,,,,,,,,;;;;;;;;;;;;;;
PROV974;Бахмут;;;;;;;;;;;;;x,,,,,,,,,,,,,,,,,,,,,,;;;;;;;;;;;;;;
PROV1041;Элиста;;;;;;;;;;;;;;;;;;;x;;;;;;;;
PROV745;Ливорно;;;;;;;;;;;;;;;;;;;x;;;;;;;;
PROV2436;Сальвадор-да-Баия;;;;;;;;;;;;;;;;;;;x;;;;;;;;
BRZ_2408;Гран-Пара;;;;;;;;;;;;;;;;;;;x;;;;;;;;
BRZ_2428;Нордешти;;;;;;;;;;;;;;;;;;;x;;;;;;;;
PROV2423;Вила-да-Пальма;;;;;;;;;;;;;;;;;;;x;;;;;;;;
PROV2426;Вила-Нова-до-Поти;;;;;;;;;;;;;;;;;;;x;;;;;;;;
NEJ_1156;Хаиль;;;;;;;;;;;;;;;;;;;x;;;;;;;;
PROV396;Эйпен-Мальмеди;;;;;;;;;;;;;;;;;;;x;;;;;;;;
PROV1445;Купанг;;;;;;;;;;;;;;;;;x;;;;;;;;;;
PROV1448;Тернате;;;;;;;;;;;;;;;;;x;;;;;;;;;;
KOR_1624;Хансон;;;;;;;;;;;;;;;;;x;;;;;;;;;;
PROV3101;Озеро Чад;;;;;;;;;;;;;;;;;x;;;;;;;;;;
PROV3102;Укереве;;;;;;;;;;;;;;;;;x;;;;;;;;;;
PROV1845;Бахр-эль-Газаль;;;;;;;;;;;;;x;;;;;;;;;;;;;;
PROV2070;Умтали;;;;;;;;;;;;;;;;;;;;;;;x;;;;
PROV2581;Чикононо;;;;;;;;;;;;;;;;;;;;;;;x;;;;
PROV2516;Уокату;;;;;;;;;;;;;;;;;;;;;;;x;;;;
PROV2515;Отаутахи;;;;;;;;;;;;;;;;;;;;;;;x;;;;
PROV2513;Отепоти;;;;;;;;;;;;;;;;;;;;;;;x;;;;
PROV2512;Те Упоко-о-те-Ика;;;;;;;;;;;;;;;;;;;;;;;x;;;;
PROV2511;Ахурири;;;;;;;;;;;;;;;;;;;;;;;x;;;;
PROV2510;Нгамоту;;;;;;;;;;;;;;;;;;;;;;;x;;;;
PROV1624;Хансон;;;;;;;;;;;;;;;;;;;;;;;x;;;;
PROV2086;Вармбад;;;;;;;;;;;;;;;;;;;;;;;x;;;;
PROV2079;Свакопмунд;;;;;;;;;;;;;;;;;;;;;;;x;;;;
PROV2078;Отджомиз;;;;;;;;;;;;;;;;;;;;;;;x;;;;
PROV1481;Люйшунькоу;;;;;;;;;;;;;;;;;;;;;;;x;;;;
PROV2083;Эзоронгондо;;;;;;;;;;;;;;;;;;;;;;;x;;;;
PROV1028;Вятка;;;;;;;;;;;;;;;;;;;;;;;x;;;;
PROV1019;Воронеж;;;;;;;;;;;;;;;;;;;;;;;x;;;;
PROV3246;Сен-Бартелеми;;;;;;;;;;;;;;;;;;;;;;;x;;;;
PROV82;Гранд Ронд;;;;;;;;;;;;;;;;;;;;x;;;;;;;
PROV81;Орегон;;;;;;;;;;;;;;;;;;;;x;;;;;;;
PROV83;Форт Ампква;;;;;;;;;;;;;;;;;;;;x;;;;;;;
PROV78;Форт-Нискуэлли;;;;;;;;;;;;;;;;;;;;x;;;;;;;
PROV2101;Таба-Нчу;;;;;;;;;;;;;;;;;;;;x;;;;;;;
PROV2102;Кваква;;;;;;;;;;;;;;;;;;;;x;;;;;;;
PROV2103;Лепхой;;;;;;;;;;;;;;;;;;;;x;;;;;;;
PROV2094;Грикваланд;;;;;;;;;;;;;;;;;;;;x;;;;;;;
TRN_2108;Вааль;;;;;;;;;;;;;;;;;;;;x;;;;;;;
PROV2107;Макваси;;;;;;;;;;;;;;;;;;;;x;;;;;;;
PROV2106;Саан;;;;;;;;;;;;;;;;;;;;x;;;;;;;
PROV2105;Га-Ранкува;;;;;;;;;;;;;;;;;;;;x;;;;;;;
PROV2109;Га-Риба;;;;;;;;;;;;;;;;;;;;x;;;;;;;
PROV2112;Эмнамбити;;;;;;;;;;;;;;;;;;;;x;;;;;;;
ORA_2103;Басутоленд;;;;;;;;;;;;;;;;;;;;x;;;;;;;
ZUL_2113;Зулуленд;;;;;;;;;;;;;;;;;;;;x;;;;;;;
PROV1152;Джидда;;;;;;;;;;;;;;;;;;;;x;;;;;;;
CAN_13;Колумбия;;;;;;;;;;;;x;;;;;;;;;;;;;;;
PROV13;Нью-Уэстминстер;;;;;;;;;;;;x;;;;;;;;;;;;;;;
PROV17;Стикин;;;;;;;;;;;;x;;;;;;;;;;;;;;;
CAN_19;Новая Каледония;;;;;;;;;;;;x;;;;;;;;;;;;;;;
PROV20;Оканаган;;;;;;;;;;;;x;;;;;;;;;;;;;;;
PROV21;Кутеней;;;;;;;;;;;;x;;;;;;;;;;;;;;;
PROV44;Залив Гуантанамо;;;;;;;;;;;;x;;;;;;;;;;;;;;;
CAN_46;Верхняя Канада;;;;;;;;;;;;x;;;;;;;;;;;;;;;
CAN_50;Северное Онтарио;;;;;;;;;;;;x;;;;;;;;;;;;;;;
CAN_58;Нижняя Канада;;;;;;;;;;;;x;;;;;;;;;;;;;;;
CAN_60;Северный Квебек;;;;;;;;;;;;x;;;;;;;;;;;;;;;
ENG_68;Приморские провинции;;;;;;;;;;;;x;;;;;;;;;;;;;;;
MEX_94;Невада;;;;;;;;;;;;x;;;;;;;;;;;;;;;
MEX_97;Ута;;;;;;;;;;;;x;;;;;;;;;;;;;;;
USA_201;Джорджия;;;;;;;;;;;;x;;;;;;;;;;;;;;;
USA_205;Южная Каролина;;;;;;;;;;;;x;;;;;;;;;;;;;;;
ENG_258;Коннахт;;;;;;;;;;;;x;;;;;;;;;;;;;;;
ENG_263;Лейнстер;;;;;;;;;;;;x;;;;;;;;;;;;;;;
SWE_322;Стокгольм;;;;;;;;;;;;x;;;;;;;;;;;;;;;
SWE_329;Гётеборг;;;;;;;;;;;;x;;;;;;;;;;;;;;;
SWE_334;Мальмё;;;;;;;;;;;;x;;;;;;;;;;;;;;;
RUS_343;Хельсинки;;;;;;;;;;;;x;;;;;;;;;;;;;;;
RUS_345;Турку;;;;;;;;;;;;x;;;;;;;;;;;;;;;
RUS_360;Литва;;;;;;;;;;;;x;;;;;;;;;;;;;;;
HOL_369;Гольштейн;;;;;;;;;;;;x;;;;;;;;;;;;;;;
SCH_370;Шлезвиг;;;;;;;;;;;;x;;;;;;;;;;;;;;;
NET_379;Зеландия;;;;;;;;;;;;x;;;;;;;;;;;;;;;
PROV381;Лимбург;;;;;;;;;;;;x;;;;;;;;;;;;;;;
BEL_387;Фландрия;;;;;;;;;;;;x;;;;;;;;;;;;;;;
BEL_394;Валлония;;;;;;;;;;;;x;;;;;;;;;;;;;;;
HAN_528;Нижняя Эльба;;;;;;;;;;;;x;;;;;;;;;;;;;;;
HAN_534;Ганновер;;;;;;;;;;;;x;;;;;;;;;;;;;;;
HAN_540;Восточная Фризия;;;;;;;;;;;;x;;;;;;;;;;;;;;;
PRU_544;Мекленбург;;;;;;;;;;;;x;;;;;;;;;;;;;;;
PRU_546;Померания;;;;;;;;;;;;x;;;;;;;;;;;;;;;
PRU_553;Ангальт;;;;;;;;;;;;x;;;;;;;;;;;;;;;
PRU_554;Тюрингия;;;;;;;;;;;;x;;;;;;;;;;;;;;;
SAX_558;Саксония;;;;;;;;;;;;x;;;;;;;;;;;;;;;
PRU_570;Пфальц;;;;;;;;;;;;x;;;;;;;;;;;;;;;
PRU_575;Рейнланд;;;;;;;;;;;;x;;;;;;;;;;;;;;;
PRU_578;Восточный Рейнланд;;;;;;;;;;;;x;;;;;;;;;;;;;;;
BAV_595;Франкония;;;;;;;;;;;;x;;;;;;;;;;;;;;;
BAV_599;Верхняя Бавария;;;;;;;;;;;;x;;;;;;;;;;;;;;;
SPA_610;Каролинские о-ва ;;;;;;;;;;;;x;;;;;;;;;;;;;;;
AUS_652;Банат;;;;;;;;;;;;x;;;;;;;;;;;;;;;
AUS_654;Западная Трансильвания;;;;;;;;;;;;x;;;;;;;;;;;;;;;
AUS_657;Восточная Трансильвания;;;;;;;;;;;;x;;;;;;;;;;;;;;;
MOL_676;Бессарабия;;;;;;;;;;;;x;;;;;;;;;;;;;;;
PRU_682;Силезия;;;;;;;;;;;;x;;;;;;;;;;;;;;;
AUS_702;Галиция и Лодомерия;;;;;;;;;;;;x;;;;;;;;;;;;;;;
PROV704;Новы-Сонч;;;;;;;;;;;;x;;;;;;;;;;;;;;;
RUS_706;Мазовия;;;;;;;;;;;;x;;;;;;;;;;;;;;;
PROV711;Седльце;;;;;;;;;;;;x;;;;;;;;;;;;;;;
RUS_715;Западная Галиция;;;;;;;;;;;;x;;;;;;;;;;;;;;;
PROV719;Белосток;;;;;;;;;;;;x;;;;;;;;;;;;;;;
PROV748;Гроссето;;;;;;;;;;;;x;;;;;;;;;;;;;;;
SAR_765;Тирренские о-ва;;;;;;;;;;;;x;;;;;;;;;;;;;;;
FRA_801;Таити;;;;;;;;;;;;x;;;;;;;;;;;;;;;
TUR_805;Южная Македония;;;;;;;;;;;;x;;;;;;;;;;;;;;;
TUR_806;Северная Македония;;;;;;;;;;;;x;;;;;;;;;;;;;;;
TUR_809;Восточная Румелия;;;;;;;;;;;;x;;;;;;;;;;;;;;;
TUR_823;Восточная Македония;;;;;;;;;;;;x;;;;;;;;;;;;;;;
PROV829;Ксанти;;;;;;;;;;;;x;;;;;;;;;;;;;;;
TUR_876;Анкара;;;;;;;;;;;;x;;;;;;;;;;;;;;;
TUR_880;Кастамону;;;;;;;;;;;;x;;;;;;;;;;;;;;;
TUR_882;Трапезунд;;;;;;;;;;;;x;;;;;;;;;;;;;;;
TUR_890;Ван;;;;;;;;;;;;x;;;;;;;;;;;;;;;
TUR_893;Диярбакыр;;;;;;;;;;;;x;;;;;;;;;;;;;;;
TUR_894;Адана;;;;;;;;;;;;x;;;;;;;;;;;;;;;
RUS_940;Пинск;;;;;;;;;;;;x;;;;;;;;;;;;;;;
RUS_968;Приднестровье;;;;;;;;;;;;x;;;;;;;;;;;;;;;
RUS_978;Харьков;;;;;;;;;;;;x;;;;;;;;;;;;;;;
RUS_979;Донбасс;;;;;;;;;;;;x;;;;;;;;;;;;;;;
PROV1082;Хайшенвей;;;;;;;;;;;;x;;;;;;;;;;;;;;;
JAP_1086;Сахалин;;;;;;;;;;;;x;;;;;;;;;;;;;;;
PROV1087;Отомари;;;;;;;;;;;;x;;;;;;;;;;;;;;;
JAP_1088;Эдзо;;;;;;;;;;;;x;;;;;;;;;;;;;;;
AST_1097;Новая Каледония;;;;;;;;;;;;x;;;;;;;;;;;;;;;
PER_1116;Мазендеран;;;;;;;;;;;;x;;;;;;;;;;;;;;;
PER_1128;Лурестан;;;;;;;;;;;;x;;;;;;;;;;;;;;;
PER_1132;Хузестан;;;;;;;;;;;;x;;;;;;;;;;;;;;;
PER_1136;Фарс;;;;;;;;;;;;x;;;;;;;;;;;;;;;
PER_1140;Керман;;;;;;;;;;;;x;;;;;;;;;;;;;;;
YEM_1178;Сана;;;;;;;;;;;;x;;;;;;;;;;;;;;;
AFG_1209;Северный Афганистан;;;;;;;;;;;;x;;;;;;;;;;;;;;;
KOK_1210;Бадахшан;;;;;;;;;;;;x;;;;;;;;;;;;;;;
AFG_1214;Южный Афганистан;;;;;;;;;;;;x;;;;;;;;;;;;;;;
PAN_1233;Амритсар;;;;;;;;;;;;x;;;;;;;;;;;;;;;
ENG_1243;Бунделкханд;;;;;;;;;;;;x;;;;;;;;;;;;;;;
ENG_1244;Ауд;;;;;;;;;;;;x;;;;;;;;;;;;;;;
NEP_1326;Западные Гималаи ;;;;;;;;;;;;x;;;;;;;;;;;;;;;
SIA_1352;Паттани;;;;;;;;;;;;x;;;;;;;;;;;;;;;
SIA_1355;Шан;;;;;;;;;;;;x;;;;;;;;;;;;;;;
LUA_1356;Лаос;;;;;;;;;;;;x;;;;;;;;;;;;;;;
SIA_1358;Исан;;;;;;;;;;;;x;;;;;;;;;;;;;;;
PROV1360;Сянгабули;;;;;;;;;;;;x;;;;;;;;;;;;;;;
DAI_1369;Тонкин;;;;;;;;;;;;x;;;;;;;;;;;;;;;
DAI_1375;Аннам;;;;;;;;;;;;x;;;;;;;;;;;;;;;
DAI_1380;Кохинхина;;;;;;;;;;;;x;;;;;;;;;;;;;;;
ENG_1384;Южная Малайя;;;;;;;;;;;;x;;;;;;;;;;;;;;;
ENG_1391;Северная Малайя;;;;;;;;;;;;x;;;;;;;;;;;;;;;
SIA_1392;Аюттхая;;;;;;;;;;;;x;;;;;;;;;;;;;;;
BRU_1394;Западный Борнео;;;;;;;;;;;;x;;;;;;;;;;;;;;;
BRU_1396;Сабах;;;;;;;;;;;;x;;;;;;;;;;;;;;;
NET_1401;Сиак;;;;;;;;;;;;x;;;;;;;;;;;;;;;
YEM_1412;Аден;;;;;;;;;;;;x;;;;;;;;;;;;;;;
NET_1413;Западная Ява;;;;;;;;;;;;x;;;;;;;;;;;;;;;
NET_1418;Восточная Ява;;;;;;;;;;;;x;;;;;;;;;;;;;;;
NET_1423;Восточный Борнео;;;;;;;;;;;;x;;;;;;;;;;;;;;;
NET_1426;Южный Борнео;;;;;;;;;;;;x;;;;;;;;;;;;;;;
NET_1446;Тимор;;;;;;;;;;;;x;;;;;;;;;;;;;;;
NET_1447;Молуккские о-ва;;;;;;;;;;;;x;;;;;;;;;;;;;;;
NET_1449;Целебес;;;;;;;;;;;;x;;;;;;;;;;;;;;;
CHI_1465;Восточная Монголия;;;;;;;;;;;;x;;;;;;;;;;;;;;;
CHI_1468;Западная Монголия;;;;;;;;;;;;x;;;;;;;;;;;;;;;
CHI_1470;Южный Аньхой;;;;;;;;;;;;x;;;;;;;;;;;;;;;
CHI_1477;Северный Аньхой;;;;;;;;;;;;x;;;;;;;;;;;;;;;
CHI_1479;Фэнтянь;;;;;;;;;;;;x;;;;;;;;;;;;;;;
CHI_1482;Фуцзянь;;;;;;;;;;;;x;;;;;;;;;;;;;;;
CHI_1485;Формоса;;;;;;;;;;;;x;;;;;;;;;;;;;;;
CHI_1490;Ганьсу;;;;;;;;;;;;x;;;;;;;;;;;;;;;
CHI_1493;Восточный Кантон;;;;;;;;;;;;x;;;;;;;;;;;;;;;
CHI_1496;Гонконг;;;;;;;;;;;;x;;;;;;;;;;;;;;;
CHI_1499;Западный Кантон;;;;;;;;;;;;x;;;;;;;;;;;;;;;
CHI_1502;Гуанси;;;;;;;;;;;;x;;;;;;;;;;;;;;;
CHI_1505;Гуйчжоу;;;;;;;;;;;;x;;;;;;;;;;;;;;;
CHI_1508;Восточный Хэнань;;;;;;;;;;;;x;;;;;;;;;;;;;;;
CHI_1510;Западный Хэнань;;;;;;;;;;;;x;;;;;;;;;;;;;;;
CHI_1519;Западный Хубэй;;;;;;;;;;;;x;;;;;;;;;;;;;;;
CHI_1522;Восточный Хубэй;;;;;;;;;;;;x;;;;;;;;;;;;;;;
PROV1523;Сянъян;;;;;;;;;;;;x;;;;;;;;;;;;;;;
CHI_1524;Северный Хунань;;;;;;;;;;;;x;;;;;;;;;;;;;;;
CHI_1526;Южный Хунань;;;;;;;;;;;;x;;;;;;;;;;;;;;;
CHI_1532;Внутренняя Монголия;;;;;;;;;;;;x;;;;;;;;;;;;;;;
CHI_1540;Северный Цзянсу;;;;;;;;;;;;x;;;;;;;;;;;;;;;
PROV1542;Сюйчжоу;;;;;;;;;;;;x;;;;;;;;;;;;;;;
CHI_1545;Северный Цзянси;;;;;;;;;;;;x;;;;;;;;;;;;;;;
CHI_1547;Южный Цзянси;;;;;;;;;;;;x;;;;;;;;;;;;;;;
CHI_1552;Хэйлунцзян;;;;;;;;;;;;x;;;;;;;;;;;;;;;
CHI_1555;Цилинь;;;;;;;;;;;;x;;;;;;;;;;;;;;;
PROV1559;Сиань;;;;;;;;;;;;x;;;;;;;;;;;;;;;
CHI_1559;Шэньси;;;;;;;;;;;;x;;;;;;;;;;;;;;;
CHI_1563;Западный Шаньдун;;;;;;;;;;;;x;;;;;;;;;;;;;;;
CHI_1565;Восточный Шаньдун;;;;;;;;;;;;x;;;;;;;;;;;;;;;
CHI_1572;Шаньси;;;;;;;;;;;;x;;;;;;;;;;;;;;;
CHI_1578;Западный Сычуань;;;;;;;;;;;;x;;;;;;;;;;;;;;;
CHI_1579;Восточный Сычуань;;;;;;;;;;;;x;;;;;;;;;;;;;;;
CHI_1594;Кашгар;;;;;;;;;;;;x;;;;;;;;;;;;;;;
CHI_1600;Урумчи;;;;;;;;;;;;x;;;;;;;;;;;;;;;
CHI_1601;Юньнань;;;;;;;;;;;;x;;;;;;;;;;;;;;;
CHI_1604;Северный Чжэцзян;;;;;;;;;;;;x;;;;;;;;;;;;;;;
CHI_1610;Южный Чжэцзян;;;;;;;;;;;;x;;;;;;;;;;;;;;;
PROV1612;Баодин;;;;;;;;;;;;x;;;;;;;;;;;;;;;
CHI_1612;Хэбэй;;;;;;;;;;;;x;;;;;;;;;;;;;;;
PROV1616;Пекин;;;;;;;;;;;;x;;;;;;;;;;;;;;;
CHI_1616;Шуньтянь;;;;;;;;;;;;x;;;;;;;;;;;;;;;
PROV1643;Исикари;;;;;;;;;;;;x;;;;;;;;;;;;;;;
JAP_1649;Канто;;;;;;;;;;;;x;;;;;;;;;;;;;;;
JAP_1654;Огасавара;;;;;;;;;;;;x;;;;;;;;;;;;;;;
JAP_1655;Кансай;;;;;;;;;;;;x;;;;;;;;;;;;;;;
JAP_1640;Чугоку;;;;;;;;;;;;x;;;;;;;;;;;;;;;
JAP_1665;Шикоку;;;;;;;;;;;;x;;;;;;;;;;;;;;;
JAP_1660;Кюсю;;;;;;;;;;;;x;;;;;;;;;;;;;;;
JAP_1672;Тохоку;;;;;;;;;;;;x;;;;;;;;;;;;;;;
JAP_1675;Тюбу;;;;;;;;;;;;x;;;;;;;;;;;;;;;
PROV1679;Амами;;;;;;;;;;;;x;;;;;;;;;;;;;;;
MOR_1693;Марракеш;;;;;;;;;;;;x;;;;;;;;;;;;;;;
MOR_1694;Агадир;;;;;;;;;;;;x;;;;;;;;;;;;;;;
ALD_1704;Оран;;;;;;;;;;;;x;;;;;;;;;;;;;;;
ALD_1708;Константина;;;;;;;;;;;;x;;;;;;;;;;;;;;;
PROV1709;Бэйн;;;;;;;;;;;;x;;;;;;;;;;;;;;;
ALD_1713;Северно-Центральная Сахара;;;;;;;;;;;;x;;;;;;;;;;;;;;;
TRI_1731;Триполитания;;;;;;;;;;;;x;;;;;;;;;;;;;;;
TRI_1735;Киренаика;;;;;;;;;;;;x;;;;;;;;;;;;;;;
TRI_1740;Феццан;;;;;;;;;;;;x;;;;;;;;;;;;;;;
EGY_1745;Каир;;;;;;;;;;;;x;;;;;;;;;;;;;;;
EGY_1751;Александрия;;;;;;;;;;;;x;;;;;;;;;;;;;;;
EGY_1753;Каттара;;;;;;;;;;;;x;;;;;;;;;;;;;;;
EGY_1755;Синай;;;;;;;;;;;;x;;;;;;;;;;;;;;;
ENG_1844;Судд;;;;;;;;;;;;x;;;;;;;;;;;;;;;
ETH_1852;Бэгемдыр;;;;;;;;;;;;x;;;;;;;;;;;;;;;
ETH_1853;Тыграй;;;;;;;;;;;;x;;;;;;;;;;;;;;;
ETH_1859;Шоа;;;;;;;;;;;;x;;;;;;;;;;;;;;;
ETH_1862;Гибе;;;;;;;;;;;;x;;;;;;;;;;;;;;;
ETH_1865;Харарге;;;;;;;;;;;;x;;;;;;;;;;;;;;;
PROV1860;Ауаса;;;;;;;;;;;;x;;;;;;;;;;;;;;;
PROV1863;Джимма;;;;;;;;;;;;x;;;;;;;;;;;;;;;
PROV1864;Сидамо;;;;;;;;;;;;x;;;;;;;;;;;;;;;
PROV1866;Бале;;;;;;;;;;;;x;;;;;;;;;;;;;;;
PROV1867;Огаден;;;;;;;;;;;;x;;;;;;;;;;;;;;;
SOM_1868;Южный Сомалиленд;;;;;;;;;;;;x;;;;;;;;;;;;;;;
SOM_1872;Северный Сомалиленд;;;;;;;;;;;;x;;;;;;;;;;;;;;;
FRA_1878;Гвинея-Бисау;;;;;;;;;;;;x;;;;;;;;;;;;;;;
FRA_1883;Гвинея;;;;;;;;;;;;x;;;;;;;;;;;;;;;
ASH_1909;Голд-Кост;;;;;;;;;;;;x;;;;;;;;;;;;;;;
FRA_1919;Дагомея;;;;;;;;;;;;x;;;;;;;;;;;;;;;
SOK_1934;Биафра;;;;;;;;;;;;x;;;;;;;;;;;;;;;
SOK_1937;Тукари;;;;;;;;;;;;x;;;;;;;;;;;;;;;
SOK_1945;Кано;;;;;;;;;;;;x;;;;;;;;;;;;;;;
SPA_1955;Экваториальная Гвинея;;;;;;;;;;;;x;;;;;;;;;;;;;;;
ENG_1956;Камерун;;;;;;;;;;;;x;;;;;;;;;;;;;;;
SOK_1963;Адамава;;;;;;;;;;;;x;;;;;;;;;;;;;;;
FRA_1970;Бангасу;;;;;;;;;;;;x;;;;;;;;;;;;;;;
BEL_1990;Киву;;;;;;;;;;;;x;;;;;;;;;;;;;;;
BEL_1996;Восточная провинция;;;;;;;;;;;;x;;;;;;;;;;;;;;;
BEL_2034;Руанда-Урунди;;;;;;;;;;;;x;;;;;;;;;;;;;;;
ENG_2036;Занзибар;;;;;;;;;;;;x;;;;;;;;;;;;;;;
ENG_2044;Танганьика;;;;;;;;;;;;x;;;;;;;;;;;;;;;
ENG_2048;Занзибар;;;;;;;;;;;;x;;;;;;;;;;;;;;;
POR_2054;Софала;;;;;;;;;;;;x;;;;;;;;;;;;;;;
ENG_2067;Ньясаленд;;;;;;;;;;;;x;;;;;;;;;;;;;;;
ENG_2068;Машоналенд;;;;;;;;;;;;x;;;;;;;;;;;;;;;
ENG_2071;Розви;;;;;;;;;;;;x;;;;;;;;;;;;;;;
ENG_2074;Бечуаналенд;;;;;;;;;;;;x;;;;;;;;;;;;;;;
ENG_2094;Западный Грикваланд;;;;;;;;;;;;x;;;;;;;;;;;;;;;
PROV2124;Маоре;;;;;;;;;;;;x;;;;;;;;;;;;;;;
MEX_2149;Коауила;;;;;;;;;;;;x;;;;;;;;;;;;;;;
MEX_2159;Веракрус;;;;;;;;;;;;x;;;;;;;;;;;;;;;
MEX_2161;Халиско;;;;;;;;;;;;x;;;;;;;;;;;;;;;
MEX_2170;Герреро;;;;;;;;;;;;x;;;;;;;;;;;;;;;
MEX_2172;Мехико;;;;;;;;;;;;x;;;;;;;;;;;;;;;
MEX_2181;Чьяпас;;;;;;;;;;;;x;;;;;;;;;;;;;;;
PROV220;Аннаполис;;;;;;;;;;;;x;;;;;;;;;;;;;;;
PROV981;Архангельск;;;;;;;;;;;;x;;;;;;;;;;;;;;;
PROV1;Ново-Архангельск;;;;;;;;;;;;x;;;;;;;;;;;;;;;
PROV2;Форт Врангель;;;;;;;;;;;;x;;;;;;;;;;;;;;;
PROV3;Касилов;;;;;;;;;;;;x;;;;;;;;;;;;;;;
PROV4;Павловская гавань;;;;;;;;;;;;x;;;;;;;;;;;;;;;
PROV5;Уналашка;;;;;;;;;;;;x;;;;;;;;;;;;;;;
PROV107;Риверсайд;;;;;;;;;;;;x;;;;;;;;;;;;;;;
PROV108;Гранд-Джанкшен ;;;;;;;;;;;;x;;;;;;;;;;;;;;;
PROV104;Сан-Франциско;;;;;;;;;;;;x;;;;;;;;;;;;;;;
PROV2146;Вашингтон;;;;;;;;;;;;x;;;;;;;;;;;;;;;
PROV2148;Альбукерке;;;;;;;;;;;;x;;;;;;;;;;;;;;;
PROV231;Камден Таун;;;;;;;;;;;;x;;;;;;;;;;;;;;;
UCA_2191;Сальвадор;;;;;;;;;;;;x;;;;;;;;;;;;;;;
UCA_2193;Гондурас;;;;;;;;;;;;x;;;;;;;;;;;;;;;
CHI_2221;Южный Цзянсу;;;;;;;;;;;;x;;;;;;;;;;;;;;;
NET_2235;Подветренные о-ва;;;;;;;;;;;;x;;;;;;;;;;;;;;;
PEU_2308;Арика;;;;;;;;;;;;x;;;;;;;;;;;;;;;
BOL_2309;Антофагаста;;;;;;;;;;;;x;;;;;;;;;;;;;;;
ARG_2360;Энтре-Риос;;;;;;;;;;;;x;;;;;;;;;;;;;;;
PROV2367;Золотас;;;;;;;;;;;;x;;;;;;;;;;;;;;;
ARG_2374;Катамарка;;;;;;;;;;;;x;;;;;;;;;;;;;;;
BRZ_2421;Гояс;;;;;;;;;;;;x;;;;;;;;;;;;;;;
AST_2454;Фиджи;;;;;;;;;;;;x;;;;;;;;;;;;;;;
BRZ_2461;Санта-Катарина;;;;;;;;;;;;x;;;;;;;;;;;;;;;
SPA_2517;Марианские о-ва;;;;;;;;;;;;x;;;;;;;;;;;;;;;
AST_2534;Соломоновы о-ва;;;;;;;;;;;;x;;;;;;;;;;;;;;;
AST_2535;Меланезийские о-ва;;;;;;;;;;;;x;;;;;;;;;;;;;;;
AUS_2538;Воеводина;;;;;;;;;;;;x;;;;;;;;;;;;;;;
TON_2540;Тонга;;;;;;;;;;;;x;;;;;;;;;;;;;;;
USA_2543;Самоа;;;;;;;;;;;;x;;;;;;;;;;;;;;;
PROV2554;Мисьонес;;;;;;;;;;;;x;;;;;;;;;;;;;;;
HES_2560;Гессен;;;;;;;;;;;;x;;;;;;;;;;;;;;;
RUS_2587;Кола;;;;;;;;;;;;x;;;;;;;;;;;;;;;
CHI_2678;Внешняя Монголия;;;;;;;;;;;;x;;;;;;;;;;;;;;;
PROV2834;Аянский залив;;;;;;;;;;;;x;;;;;;;;;;;;;;;
PROV2836;Побережье Камчатки;;;;;;;;;;;;x;;;;;;;;;;;;;;;
PROV2837;Охотское море;;;;;;;;;;;;x;;;;;;;;;;;;;;;
PROV2838;Побережье Сахалина;;;;;;;;;;;;x;;;;;;;;;;;;;;;
PROV2843;Внутреннее Японское море;;;;;;;;;;;;x;;;;;;;;;;;;;;;
PROV3126;Побережье Минами;;;;;;;;;;;;x;;;;;;;;;;;;;;;
PROV19;Валемаунт;;;;;;;;;;;;x;;;;;;;;;;;;;;;
PRU_544;Мекленбург;;;;;;;;;;;;x;;;;;;;;;;;;;;;
PRU_546;Померания;;;;;;;;;;;;x;;;;;;;;;;;;;;;
PRU_553;Ангальт;;;;;;;;;;;;x;;;;;;;;;;;;;;;
PRU_554;Тюрингия;;;;;;;;;;;;x;;;;;;;;;;;;;;;
SAX_558;Саксония;;;;;;;;;;;;x;;;;;;;;;;;;;;;
PRU_570;Пфальц;;;;;;;;;;;;x;;;;;;;;;;;;;;;
PRU_575;Рейнланд;;;;;;;;;;;;x;;;;;;;;;;;;;;;
PRU_578;Восточный Рейнланд;;;;;;;;;;;;x;;;;;;;;;;;;;;;
BAV_595;Франкония;;;;;;;;;;;;x;;;;;;;;;;;;;;;
BAV_599;Верхняя Бавария;;;;;;;;;;;;x;;;;;;;;;;;;;;;
SPA_610;Каролинские о-ва ;;;;;;;;;;;;x;;;;;;;;;;;;;;;
AUS_652;Банат;;;;;;;;;;;;x;;;;;;;;;;;;;;;
AUS_654;Западная Трансильвания;;;;;;;;;;;;x;;;;;;;;;;;;;;;
AUS_657;Восточная Трансильвания;;;;;;;;;;;;x;;;;;;;;;;;;;;;
MOL_676;Бессарабия;;;;;;;;;;;;x;;;;;;;;;;;;;;;
PRU_684;Верхняя Силезия;;;;;;;;;;;;x;;;;;;;;;;;;;;;
AUS_702;Галиция и Лодомерия;;;;;;;;;;;;x;;;;;;;;;;;;;;;
PROV704;Новы-Сонч;;;;;;;;;;;;x;;;;;;;;;;;;;;;
RUS_706;Мазовия;;;;;;;;;;;;x;;;;;;;;;;;;;;;
PROV711;Седльце;;;;;;;;;;;;x;;;;;;;;;;;;;;;
RUS_715;Западная Галиция;;;;;;;;;;;;x;;;;;;;;;;;;;;;
PROV719;Белосток;;;;;;;;;;;;x;;;;;;;;;;;;;;;
PROV748;Гроссето;;;;;;;;;;;;x;;;;;;;;;;;;;;;
FRA_801;Таити;;;;;;;;;;;;x;;;;;;;;;;;;;;;
TUR_805;Южная Македония;;;;;;;;;;;;x;;;;;;;;;;;;;;;
TUR_806;Северная Македония;;;;;;;;;;;;x;;;;;;;;;;;;;;;
TUR_809;Восточная Румелия;;;;;;;;;;;;x;;;;;;;;;;;;;;;
TUR_823;Восточная Македония;;;;;;;;;;;;x;;;;;;;;;;;;;;;
PROV829;Ксанти;;;;;;;;;;;;x;;;;;;;;;;;;;;;
TUR_876;Анкара;;;;;;;;;;;;x;;;;;;;;;;;;;;;
TUR_880;Кастамону;;;;;;;;;;;;x;;;;;;;;;;;;;;;
TUR_882;Трапезунд;;;;;;;;;;;;x;;;;;;;;;;;;;;;
TUR_890;Ван;;;;;;;;;;;;x;;;;;;;;;;;;;;;
TUR_893;Диярбакыр;;;;;;;;;;;;x;;;;;;;;;;;;;;;
TUR_894;Адана;;;;;;;;;;;;x;;;;;;;;;;;;;;;
RUS_940;Пинск;;;;;;;;;;;;x;;;;;;;;;;;;;;;
RUS_955;Приднестровье;;;;;;;;;;;;x;;;;;;;;;;;;;;;
RUS_968;Харьков;;;;;;;;;;;;x;;;;;;;;;;;;;;;
RUS_978;Донбасс;;;;;;;;;;;;x;;;;;;;;;;;;;;;
PROV1082;Хайшенвей;;;;;;;;;;;;x;;;;;;;;;;;;;;;
JAP_1086;Сахалин;;;;;;;;;;;;x;;;;;;;;;;;;;;;
PROV1087;Отомари;;;;;;;;;;;;x;;;;;;;;;;;;;;;
JAP_1088;Эдзо;;;;;;;;;;;;x;;;;;;;;;;;;;;;
AST_1097;Новая Каледония;;;;;;;;;;;;x;;;;;;;;;;;;;;;
PER_1116;Мазендеран;;;;;;;;;;;;x;;;;;;;;;;;;;;;
PER_1128;Лурестан;;;;;;;;;;;;x;;;;;;;;;;;;;;;
PER_1132;Хузестан;;;;;;;;;;;;x;;;;;;;;;;;;;;;
PER_1136;Фарс;;;;;;;;;;;;x;;;;;;;;;;;;;;;
PER_1140;Керман;;;;;;;;;;;;x;;;;;;;;;;;;;;;
YEM_1178;Сана;;;;;;;;;;;;x;;;;;;;;;;;;;;;
AFG_1209;Пуштунистан;;;;;;;;;;;;x;;;;;;;;;;;;;;;
KOK_1210;Бадахшан;;;;;;;;;;;;x;;;;;;;;;;;;;;;
AFG_1214;Кандагар;;;;;;;;;;;;x;;;;;;;;;;;;;;;
PAN_1233;Амритсар;;;;;;;;;;;;x;;;;;;;;;;;;;;;
ENG_1243;Бунделкханд;;;;;;;;;;;;x;;;;;;;;;;;;;;;
ENG_1244;Ауд;;;;;;;;;;;;x;;;;;;;;;;;;;;;
NEP_1326;Западные Гималаи ;;;;;;;;;;;;x;;;;;;;;;;;;;;;
SIA_1352;Паттани;;;;;;;;;;;;x;;;;;;;;;;;;;;;
SIA_1355;Шан;;;;;;;;;;;;x;;;;;;;;;;;;;;;
LUA_1356;Лаос;;;;;;;;;;;;x;;;;;;;;;;;;;;;
SIA_1358;Исан;;;;;;;;;;;;x;;;;;;;;;;;;;;;
PROV1360;Сянгабули;;;;;;;;;;;;x;;;;;;;;;;;;;;;
DAI_1369;Тонкин;;;;;;;;;;;;x;;;;;;;;;;;;;;;
DAI_1375;Аннам;;;;;;;;;;;;x;;;;;;;;;;;;;;;
DAI_1380;Кохинхина;;;;;;;;;;;;x;;;;;;;;;;;;;;;
ENG_1384;Южная Малайя;;;;;;;;;;;;x;;;;;;;;;;;;;;;
ENG_1391;Северная Малайя;;;;;;;;;;;;x;;;;;;;;;;;;;;;
SIA_1392;Аюттхая;;;;;;;;;;;;x;;;;;;;;;;;;;;;
BRU_1394;Западный Борнео;;;;;;;;;;;;x;;;;;;;;;;;;;;;
BRU_1396;Сабах;;;;;;;;;;;;x;;;;;;;;;;;;;;;
NET_1401;Сиак;;;;;;;;;;;;x;;;;;;;;;;;;;;;
YEM_1412;Аден;;;;;;;;;;;;x;;;;;;;;;;;;;;;
NET_1413;Западная Ява;;;;;;;;;;;;x;;;;;;;;;;;;;;;
NET_1418;Восточная Ява;;;;;;;;;;;;x;;;;;;;;;;;;;;;
NET_1423;Восточный Борнео;;;;;;;;;;;;x;;;;;;;;;;;;;;;
NET_1426;Южный Борнео;;;;;;;;;;;;x;;;;;;;;;;;;;;;
NET_1446;Тимор;;;;;;;;;;;;x;;;;;;;;;;;;;;;
NET_1449;Целебес;;;;;;;;;;;;x;;;;;;;;;;;;;;;
CHI_1465;Восточная Монголия;;;;;;;;;;;;x;;;;;;;;;;;;;;;
CHI_1468;Западная Монголия;;;;;;;;;;;;x;;;;;;;;;;;;;;;
PROV1469;Урианхан;;;;;;;;;;;;x;;;;;;;;;;;;;;;
CHI_1470;Южный Аньхой;;;;;;;;;;;;x;;;;;;;;;;;;;;;
CHI_1477;Северный Аньхой;;;;;;;;;;;;x;;;;;;;;;;;;;;;
CHI_1479;Фэнтянь;;;;;;;;;;;;x;;;;;;;;;;;;;;;
CHI_1482;Фуцзянь;;;;;;;;;;;;x;;;;;;;;;;;;;;;
CHI_1485;Формоса;;;;;;;;;;;;x;;;;;;;;;;;;;;;
CHI_1490;Ганьсу;;;;;;;;;;;;x;;;;;;;;;;;;;;;
CHI_1493;Восточный Кантон;;;;;;;;;;;;x;;;;;;;;;;;;;;;
CHI_1496;Гонконг;;;;;;;;;;;;x;;;;;;;;;;;;;;;
CHI_1499;Хайнань;;;;;;;;;;;;x;;;;;;;;;;;;;;;
CHI_1502;Гуанси;;;;;;;;;;;;x;;;;;;;;;;;;;;;
CHI_1505;Гуйчжоу;;;;;;;;;;;;x;;;;;;;;;;;;;;;
CHI_1508;Восточный Хэнань;;;;;;;;;;;;x;;;;;;;;;;;;;;;
CHI_1510;Западный Хэнань;;;;;;;;;;;;x;;;;;;;;;;;;;;;
CHI_1519;Западный Хубэй;;;;;;;;;;;;x;;;;;;;;;;;;;;;
CHI_1522;Восточный Хубэй;;;;;;;;;;;;x;;;;;;;;;;;;;;;
PROV1523;Сянъян;;;;;;;;;;;;x;;;;;;;;;;;;;;;
CHI_1524;Северный Хунань;;;;;;;;;;;;x;;;;;;;;;;;;;;;
CHI_1526;Южный Хунань;;;;;;;;;;;;x;;;;;;;;;;;;;;;
CHI_1532;Внутренняя Монголия;;;;;;;;;;;;x;;;;;;;;;;;;;;;
PROV1542;Сюйчжоу;;;;;;;;;;;;x;;;;;;;;;;;;;;;
CHI_1545;Северный Цзянси;;;;;;;;;;;;x;;;;;;;;;;;;;;;
CHI_1547;Южный Цзянси;;;;;;;;;;;;x;;;;;;;;;;;;;;;
CHI_1552;Хэйлунцзян;;;;;;;;;;;;x;;;;;;;;;;;;;;;
CHI_1555;Цилинь;;;;;;;;;;;;x;;;;;;;;;;;;;;;
PROV1559;Сиань;;;;;;;;;;;;x;;;;;;;;;;;;;;;
CHI_1559;Шэньси;;;;;;;;;;;;x;;;;;;;;;;;;;;;
CHI_1563;Западный Шаньдун;;;;;;;;;;;;x;;;;;;;;;;;;;;;
CHI_1565;Восточный Шаньдун;;;;;;;;;;;;x;;;;;;;;;;;;;;;
CHI_1572;Шаньси;;;;;;;;;;;;x;;;;;;;;;;;;;;;
CHI_1578;Западный Сычуань;;;;;;;;;;;;x;;;;;;;;;;;;;;;
CHI_1579;Восточный Сычуань;;;;;;;;;;;;x;;;;;;;;;;;;;;;
CHI_1594;Кашгар;;;;;;;;;;;;x;;;;;;;;;;;;;;;
CHI_1600;Урумчи;;;;;;;;;;;;x;;;;;;;;;;;;;;;
CHI_1601;Юньнань;;;;;;;;;;;;x;;;;;;;;;;;;;;;
CHI_1604;Северный Чжэцзян;;;;;;;;;;;;x;;;;;;;;;;;;;;;
CHI_1610;Южный Чжэцзян;;;;;;;;;;;;x;;;;;;;;;;;;;;;
PROV1612;Баодин;;;;;;;;;;;;x;;;;;;;;;;;;;;;
CHI_1612;Баодин;;;;;;;;;;;;x;;;;;;;;;;;;;;;
PROV1616;Peking;;;;;;;;;;;;x;;;;;;;;;;;;;;;
CHI_1616;Пекин;;;;;;;;;;;;x;;;;;;;;;;;;;;;
PROV1643;Исикари;;;;;;;;;;;;x;;;;;;;;;;;;;;;
JAP_1649;Канто;;;;;;;;;;;;x;;;;;;;;;;;;;;;
JAP_1654;Огасавара;;;;;;;;;;;;x;;;;;;;;;;;;;;;
JAP_1655;Кансай;;;;;;;;;;;;x;;;;;;;;;;;;;;;
JAP_1640;Чугоку;;;;;;;;;;;;x;;;;;;;;;;;;;;;
JAP_1665;Шикоку;;;;;;;;;;;;x;;;;;;;;;;;;;;;
JAP_1660;Кюсю;;;;;;;;;;;;x;;;;;;;;;;;;;;;
JAP_1672;Тохоку;;;;;;;;;;;;x;;;;;;;;;;;;;;;
JAP_1675;Тюбу;;;;;;;;;;;;x;;;;;;;;;;;;;;;
PROV1679;Амами;;;;;;;;;;;;x;;;;;;;;;;;;;;;
MOR_1693;Марракеш;;;;;;;;;;;;x;;;;;;;;;;;;;;;
MOR_1694;Агадир;;;;;;;;;;;;x;;;;;;;;;;;;;;;
ALD_1704;Оран;;;;;;;;;;;;x;;;;;;;;;;;;;;;
ALD_1708;Константина;;;;;;;;;;;;x;;;;;;;;;;;;;;;
PROV1709;Бэйн;;;;;;;;;;;;x;;;;;;;;;;;;;;;
ALD_1713;Северно-Центральная Сахара;;;;;;;;;;;;x;;;;;;;;;;;;;;;
TRI_1731;Триполитания;;;;;;;;;;;;x;;;;;;;;;;;;;;;
TRI_1735;Киренаика;;;;;;;;;;;;x;;;;;;;;;;;;;;;
TRI_1740;Феццан;;;;;;;;;;;;x;;;;;;;;;;;;;;;
EGY_1745;Каир;;;;;;;;;;;;x;;;;;;;;;;;;;;;
EGY_1751;Александрия;;;;;;;;;;;;x;;;;;;;;;;;;;;;
EGY_1753;Каттара;;;;;;;;;;;;x;;;;;;;;;;;;;;;
EGY_1755;Синай;;;;;;;;;;;;x;;;;;;;;;;;;;;;
ENG_1844;Судд;;;;;;;;;;;;x;;;;;;;;;;;;;;;
ETH_1852;Бэгемдыр;;;;;;;;;;;;x;;;;;;;;;;;;;;;
ETH_1853;Тыграй;;;;;;;;;;;;x;;;;;;;;;;;;;;;
ETH_1859;Шоа;;;;;;;;;;;;x;;;;;;;;;;;;;;;
ETH_1862;Гибе;;;;;;;;;;;;x;;;;;;;;;;;;;;;
ETH_1865;Харарге;;;;;;;;;;;;x;;;;;;;;;;;;;;;
PROV1860;Ауаса;;;;;;;;;;;;x;;;;;;;;;;;;;;;
PROV1863;Джимма;;;;;;;;;;;;x;;;;;;;;;;;;;;;
PROV1864;Сидамо;;;;;;;;;;;;x;;;;;;;;;;;;;;;
PROV1866;Бале;;;;;;;;;;;;x;;;;;;;;;;;;;;;
PROV1867;Огаден;;;;;;;;;;;;x;;;;;;;;;;;;;;;
SOM_1868;Южный Сомалиленд;;;;;;;;;;;;x;;;;;;;;;;;;;;;
SOM_1872;Северный Сомалиленд;;;;;;;;;;;;x;;;;;;;;;;;;;;;
ASH_1909;Голд-Кост;;;;;;;;;;;;x;;;;;;;;;;;;;;;
FRA_1919;Дагомея;;Гвинея-Бисау;;;;;;;;;;x;;;;;;;;;;;;;;;
SOK_1934;Биафра;;Гвинея;;;;;;;;;;x;;;;;;;;;;;;;;;
SOK_1937;Тукари;;;;;;;;;;;;x;;;;;;;;;;;;;;;
SOK_1945;Кано;;;;;;;;;;;;x;;;;;;;;;;;;;;;
SPA_1955;Экваториальная Гвинея;;;;;;;;;;;;x;;;;;;;;;;;;;;;
ENG_1956;Камерун;;;;;;;;;;;;x;;;;;;;;;;;;;;;
SOK_1963;Адамава;;;;;;;;;;;;x;;;;;;;;;;;;;;;
FRA_1970;Бангасу;;;;;;;;;;;;x;;;;;;;;;;;;;;;
BEL_1990;Киву;;;;;;;;;;;;x;;;;;;;;;;;;;;;
BEL_1996;Восточная провинция;;;;;;;;;;;;x;;;;;;;;;;;;;;;
BEL_2034;Руанда-Урунди;;;;;;;;;;;;x;;;;;;;;;;;;;;;
ENG_2036;Занзибар;;;;;;;;;;;;x;;;;;;;;;;;;;;;
ENG_2044;Танганьика;;;;;;;;;;;;x;;;;;;;;;;;;;;;
ENG_2048;Занзибар;;;;;;;;;;;;x;;;;;;;;;;;;;;;
ENG_2067;Ньясаленд;;;;;;;;;;;;x;;;;;;;;;;;;;;;
ENG_2068;Машоналенд;;;;;;;;;;;;x;;;;;;;;;;;;;;;
ENG_2071;Матабелеленд;;;;;;;;;;;;x;;;;;;;;;;;;;;;
ENG_2074;Бечуаналенд;;;;;;;;;;;;x;;;;;;;;;;;;;;;
ENG_2094;Кимберли;;;;;;;;;;;;x;;;;;;;;;;;;;;;
PROV2124;Маоре;;;;;;;;;;;;x;;;;;;;;;;;;;;;
UCA_2191;Сальвадор;;;;;;;;;;;;x;;;;;;;;;;;;;;;
UCA_2193;Гондурас;;;;;;;;;;;;x;;;;;;;;;;;;;;;
CHI_2221;Южный Цзянсу;;;;;;;;;;;;x;;;;;;;;;;;;;;;
NET_2235;Подветренные о-ва;;;;;;;;;;;;x;;;;;;;;;;;;;;;
PEU_2308;Арика;;;;;;;;;;;;x;;;;;;;;;;;;;;;
BOL_2309;Антофагаста;;;;;;;;;;;;x;;;;;;;;;;;;;;;
ARG_2360;Энтре-Риос;;;;;;;;;;;;x;;;;;;;;;;;;;;;
PROV2367;Золотас;;;;;;;;;;;;x;;;;;;;;;;;;;;;
ARG_2374;Катамарка;;;;;;;;;;;;x;;;;;;;;;;;;;;;
BRZ_2421;Гояс;;;;;;;;;;;;x;;;;;;;;;;;;;;;
AST_2454;Фиджи;;;;;;;;;;;;x;;;;;;;;;;;;;;;
BRZ_2461;Санта-Катарина;;;;;;;;;;;;x;;;;;;;;;;;;;;;
SPA_2517;Марианские о-ва;;;;;;;;;;;;x;;;;;;;;;;;;;;;
AST_2534;Соломоновы о-ва;;;;;;;;;;;;x;;;;;;;;;;;;;;;
AST_2535;Меланезийские о-ва;;;;;;;;;;;;x;;;;;;;;;;;;;;;
AUS_2538;Воеводина;;;;;;;;;;;;x;;;;;;;;;;;;;;;
TON_2540;Тонга;;;;;;;;;;;;x;;;;;;;;;;;;;;;
USA_2543;Самоа;;;;;;;;;;;;x;;;;;;;;;;;;;;;
PROV2554;Мисьонес;;;;;;;;;;;;x;;;;;;;;;;;;;;;
HES_2560;Гессен;;;;;;;;;;;;x;;;;;;;;;;;;;;;
RUS_2587;Кола;;;;;;;;;;;;x;;;;;;;;;;;;;;;
CHI_2678;Внешняя Монголия;;;;;;;;;;;;x;;;;;;;;;;;;;;;
PROV2834;Аянский залив;;;;;;;;;;;;x;;;;;;;;;;;;;;;
PROV2836;Побережье Камчатки;;;;;;;;;;;;x;;;;;;;;;;;;;;;
PROV2837;Охотское море;;;;;;;;;;;;x;;;;;;;;;;;;;;;
PROV2838;Побережье Сахалина;;;;;;;;;;;;x;;;;;;;;;;;;;;;
PROV2843;Внутреннее Японское море;;;;;;;;;;;;x;;;;;;;;;;;;;;;
PROV3126;Побережье Минами;;;;;;;;;;;;x;;;;;;;;;;;;;;;
PROV79;Форт Ванкувер;;;;;;;;;;;;x;;;;;;;;;;;;;;;
PROV19;Форт Сейнт Джеймс ;;;;;;;;;;;;x;;;;;;;;;;;;;;;
PROV18;Новая Каледония;;;;;;;;;;;;x;;;;;;;;;;;;;;;
PROV129;Гаймон;;;;;;;;;;;;x;;;;;;;;;;;;;;;
PROV128;Хаготон;;;;;;;;;;;;x;;;;;;;;;;;;;;;
PROV158;Дулут;;;;;;;;;;;;x;;;;;;;;;;;;;;;
PROV638;Прешов;;;;;;;;;;;;x;;;;;;;;;;;;;;;
AUS_626;Судеты;;;;;;;;;;;;x;;;;;;;;;;;;;;;
PROV2630;Ток;;;;;;;;;;;;x;;;;;;;;;;;;;;;
PROV84;Сакраменто;;;;;;;;;;;;x;;;;;;;;;;;;;;;
PROV86;Траки;;;;;;;;;;;;x;;;;;;;;;;;;;;;
PROV98;Сидар-Сити;;;;;;;;;;;;x;;;;;;;;;;;;;;;
PROV23;Форт-МакМеррей ;;;;;;;;;;;;x;;;;;;;;;;;;;;;
PROV22;Боннивилл;;;;;;;;;;;;x;;;;;;;;;;;;;;;
PROV27;Эдмонтон;;;;;;;;;;;;x;;;;;;;;;;;;;;;
PROV31;Черное озеро;;;;;;;;;;;;x;;;;;;;;;;;;;;;
PROV32;Ла Рондж;;;;;;;;;;;;x;;;;;;;;;;;;;;;
PROV40;Дауфин;;;;;;;;;;;;x;;;;;;;;;;;;;;;
PROV9;Фор Макензи;;;;;;;;;;;;x;;;;;;;;;;;;;;;
PROV2626;Саками;;;;;;;;;;;;x;;;;;;;;;;;;;;;
PROV59;Мистиссини;;;;;;;;;;;;x;;;;;;;;;;;;;;;
PROV2140;Эрмосильо;;;;;;;;;;;;x;;;;;;;;;;;;;;;
PROV2137;Ногалес;;;;;;;;;;;;x;;;;;;;;;;;;;;;
PROV2143;Сьюдад-Хуарес ;;;;;;;;;;;;x;;;;;;;;;;;;;;;
PROV2147;Сьюдад Акунья ;;;;;;;;;;;;x;;;;;;;;;;;;;;;
PROV2171;Колола;;;;;;;;;;;;x;;;;;;;;;;;;;;;
PROV103;Пуэбло;;;;;;;;;;;;x;;;;;;;;;;;;;;;
PROV109;Аспен;;;;;;;;;;;;x;;;;;;;;;;;;;;;
PROV105;Санта-Фе;;;;;;;;;;;;x;;;;;;;;;;;;;;;
PROV218;Уилинг;;;;;;;;;;;;x;;;;;;;;;;;;;;;
PROV217;Грин Банк;;;;;;;;;;;;x;;;;;;;;;;;;;;;
PROV2187;Месилла;;;;;;;;;;;;x;;;;;;;;;;;;;;;
PROV2628;Окош;;;;;;;;;;;;x;;;;;;;;;;;;;;;
PROV2627;Каудерспорт;;;;;;;;;;;;x;;;;;;;;;;;;;;;
PROV160;Супериор;;;;;;;;;;;;x;;;;;;;;;;;;;;;
PROV185;Пайквилл;;;;;;;;;;;;x;;;;;;;;;;;;;;;
PROV186;Лексингтон;;;;;;;;;;;;x;;;;;;;;;;;;;;;
PROV196;Гадсден;;;;;;;;;;;;x;;;;;;;;;;;;;;;
PROV193;Гринвуд;;;;;;;;;;;;x;;;;;;;;;;;;;;;
PROV168;Олни;;;;;;;;;;;;x;;;;;;;;;;;;;;;
PROV33;Принс-Альберт ;;;;;;;;;;;;x;;;;;;;;;;;;;;;
PROV42;Виннипег;;;;;;;;;;;;x;;;;;;;;;;;;;;;
PROV36;Пинава;;;;;;;;;;;;x;;;;;;;;;;;;;;;
PROV60;Ричмонд;;;;;;;;;;;;x;;;;;;;;;;;;;;;
PROV211;Линчбург;;;;;;;;;;;;x;;;;;;;;;;;;;;;
PROV2186;Гватемала;;;;;;;;;;;;x;;;;;;;;;;;;;;;
PROV14;Виктория;;;;;;;;;;;;x;;;;;;;;;;;;;;;
PROV3249;Кирибати;;;;;;;;;;;;x;;;;;;;;;;;;;;;
PROV3250;Мёртвое море;;;;;;;;;;;x,,,,,,,,,,,,,,,,,,,,,,;;;;;;;;;;;;;;;;
PROV3251;Лесное озеро;;;;;;;;;;;x,,,,,,,,,,,,,,,,,,,,,,;;;;;;;;;;;;;;;;
PROV3252;Озеро Ниписсинг;;;;;;;;;;;x,,,,,,,,,,,,,,,,,,,,,,;;;;;;;;;;;;;;;;
PROV3253;Озеро Симко;;;;;;;;;;;x,,,,,,,,,,,,,,,,,,,,,,;;;;;;;;;;;;;;;;
PROV3254;Озеро Уиннебаго;;;;;;;;;;;x,,,,,,,,,,,,,,,,,,,,,,;;;;;;;;;;;;;;;;
PROV3255;Испанское озеро;;;;;;;;;;;x,,,,,,,,,,,,,,,,,,,,,,;;;;;;;;;;;;;;;;
PROV3256;Озеро Сен-Жан;;;;;;;;;;;x,,,,,,,,,,,,,,,,,,,,,,;;;;;;;;;;;;;;;;
PROV3257;Озеро Маникуаган;;;;;;;;;;;x,,,,,,,,,,,,,,,,,,,,,,;;;;;;;;;;;;;;;;
PROV3258;Озеро Мистассини;;;;;;;;;;;x,,,,,,,,,,,,,,,,,,,,,,;;;;;;;;;;;;;;;;
PROV3259;Озеро Саками;;;;;;;;;;;x,,,,,,,,,,,,,,,,,,,,,,;;;;;;;;;;;;;;;;
PROV3260;Озеро Лобстик;;;;;;;;;;;x,,,,,,,,,,,,,,,,,,,,,,;;;;;;;;;;;;;;;;
PROV3261;Озеро Бьенвиль;;;;;;;;;;;x,,,,,,,,,,,,,,,,,,,,,,;;;;;;;;;;;;;;;;
PROV3262;Озеро Вииашакими;;;;;;;;;;;x,,,,,,,,,,,,,,,,,,,,,,;;;;;;;;;;;;;;;;
PROV3263;Озеро Клинаараалюк;;;;;;;;;;;x,,,,,,,,,,,,,,,,,,,,,,;;;;;;;;;;;;;;;;
PROV3264;Озеро Годс;;;;;;;;;;;x,,,,,,,,,,,,,,,,,,,,,,;;;;;;;;;;;;;;;;
PROV3265;Озеро Вулластон;;;;;;;;;;;x,,,,,,,,,,,,,,,,,,,,,,;;;;;;;;;;;;;;;;
PROV3266;Озеро Кри;;;;;;;;;;;x,,,,,,,,,,,,,,,,,,,,,,;;;;;;;;;;;;;;;;
PROV3267;Озеро Черчилл;;;;;;;;;;;x,,,,,,,,,,,,,,,,,,,,,,;;;;;;;;;;;;;;;;
PROV3268;Озеро Ньюэлтин;;;;;;;;;;;x,,,,,,,,,,,,,,,,,,,,,,;;;;;;;;;;;;;;;;
PROV3269;Озеро Касба;;;;;;;;;;;x,,,,,,,,,,,,,,,,,,,,,,;;;;;;;;;;;;;;;;
PROV3270;Озеро Уолдайа;;;;;;;;;;;x,,,,,,,,,,,,,,,,,,,,,,;;;;;;;;;;;;;;;;
PROV3271;Озеро Дубонт;;;;;;;;;;;x,,,,,,,,,,,,,,,,,,,,,,;;;;;;;;;;;;;;;;
PROV3272;Озеро Яткайед;;;;;;;;;;;x,,,,,,,,,,,,,,,,,,,,,,;;;;;;;;;;;;;;;;
PROV3273;Бейкер-Лейк;;;;;;;;;;;x,,,,,,,,,,,,,,,,,,,,,,;;;;;;;;;;;;;;;;
PROV3274;Озеро Шульц;;;;;;;;;;;x,,,,,,,,,,,,,,,,,,,,,,;;;;;;;;;;;;;;;;
PROV3275;Озеро Абердин;;;;;;;;;;;x,,,,,,,,,,,,,,,,,,,,,,;;;;;;;;;;;;;;;;
PROV3276;Озеро Клинтон-Колден ;;;;;;;;;;;x,,,,,,,,,,,,,,,,,,,,,,;;;;;;;;;;;;;;;;
PROV3277;Озеро Уиллистон;;;;;;;;;;;x,,,,,,,,,,,,,,,,,,,,,,;;;;;;;;;;;;;;;;
PROV3278;Озеро Окичоби;;;;;;;;;;;x,,,,,,,,,,,,,,,,,,,,,,;;;;;;;;;;;;;;;;
PROV3279;Озеро Туз;;;;;;;;;;;x,,,,,,,,,,,,,,,,,,,,,,;;;;;;;;;;;;;;;;
PROV3280;Озеро Севан;;;;;;;;;;;x,,,,,,,,,,,,,,,,,,,,,,;;;;;;;;;;;;;;;;
PROV3281;Озеро Исо-Калла;;;;;;;;;;;x,,,,,,,,,,,,,,,,,,,,,,;;;;;;;;;;;;;;;;
PROV3282;Озеро Пюхяярви;;;;;;;;;;;;x,,,,,,,,,,,,,,,,,,,,;;;;;;;;;;;;;;;
PROV3283;Женевское озеро;;;;;;;;;;;;x,,,,,,,,,,,,,,,,,,,,;;;;;;;;;;;;;;;
PROV3284;Боденское озеро;;;;;;;;;;;x,,,,,,,,,,,,,,,,,,,,,,;;;;;;;;;;;;;;;;
PROV906;Эс-Сувейда;;;;;;;;;;;x,,,,,,,,,,,,,,,,,,,,,,;;;;;;;;;;;;;;;;
AUS_777;Славония;;;;;;;;;;;x,,,,,,,,,,,,,,,,,,,,,,;;;;;;;;;;;;;;;;
;;;;;;;;;;;;x,,,,,,,,,,,,,,,,,,,,,,;;;;;;;;;;;;;;;;
;;;;;;;;;;;;x,,,,,,,,,,,,,,,,,,,,,,;;;;;;;;;;;;;;;;
;;;;;;;;;;;;x,,,,,,,,,,,,,,,,,,,,,,;;;;;;;;;;;;;;;;
;;;;;;;;;;;;x,,,,,,,,,,,,,,,,,,,,,,;;;;;;;;;;;;;;;;
;;;;;;;;;;;;x,,,,,,,,,,,,,,,,,,,,,,;;;;;;;;;;;;;;;;
;;;;;;;;;;;;x,,,,,,,,,,,,,,,,,,,,,,;;;;;;;;;;;;;;;;
;;;;;;;;;;;;x,,,,,,,,,,,,,,,,,,,,,,;;;;;;;;;;;;;;;;
;;;;;;;;;;;;x,,,,,,,,,,,,,,,,,,,,,,;;;;;;;;;;;;;;;;
;;;;;;;;;;;;x,,,,,,,,,,,,,,,,,,,,,,;;;;;;;;;;;;;;;;
;;;;;;;;;;;;x,,,,,,,,,,,,,,,,,,,,,,;;;;;;;;;;;;;;;;
;;;;;;;;;;;;x,,,,,,,,,,,,,,,,,,,,,,;;;;;;;;;;;;;;;;
;;;;;;;;;;;;x,,,,,,,,,,,,,,,,,,,,,,;;;;;;;;;;;;;;;;
;;;;;;;;;;;;x,,,,,,,,,,,,,,,,,,,,,,;;;;;;;;;;;;;;;;
;;;;;;;;;;;;x,,,,,,,,,,,,,,,,,,,,,,;;;;;;;;;;;;;;;;
;;;;;;;;;;;;x,,,,,,,,,,,,,,,,,,,,,,;;;;;;;;;;;;;;;;
;;;;;;;;;;;;x,,,,,,,,,,,,,,,,,,,,,,;;;;;;;;;;;;;;;;
