;;;;;;;;;;;;;;;;;;;;x,,,,,;;;;;;;;;;;;;;;;;;;;;
benefactor_ai;Мудрый правитель;;;;;;;;;;;;;;;;;;x,,,,,;;;;;;;;;;;;;;;;;;;;;;
desc_benefactor_ai;Правитель этой страны мудр и не воинственен. ;;;;;;;;;;;;;;;;;;x,,,,,;;;;;;;;;;;;;;;;;;;;;;
malevolent_ai;Злобный правитель;;;;;;;;;;;;;;;;;;x,,,,,;;;;;;;;;;;;;;;;;;;;;;
desc_malevolent_ai;Правитель этой страны злой и воинственный.;;;;;;;;;;;;;;;;;;x,,,,,;;;;;;;;;;;;;;;;;;;;;;
picking_personality;Личность правителя.;;;;;;;;;;;;;;;;;;x,,,,,;;;;;;;;;;;;;;;;;;;;;;
desc_picking_personality;Личность правителя этой страны была выбрана.;;;;;;;;;;;;;;;;;;x,,,,,;;;;;;;;;;;;;;;;;;;;;;
government_busy_with_something;Деятельное правительство;;;;;;;;;;;;;;;;;;x,,,,,;;;;;;;;;;;;;;;;;;;;;;
evidence_of_massacre2;Утечка доказательств резни;;;;;;;;;;;;;;;;;;x,,,,,;;;;;;;;;;;;;;;;;;;;;;
evidence_of_massacre2_desc;Ужасные доказательства убийств, происходящих в нашей стране, сильно сказались на нашей репутации.;;;;;;;;;;;;;;;;;;x,,,,,;;;;;;;;;;;;;;;;;;;;;;
evidence_of_massacre;Утечка доказательств резни;;;;;;;;;;;;;;;;;;x,,,,,;;;;;;;;;;;;;;;;;;;;;;
evidence_of_massacre_desc;Ужасные доказательства убийств, происходящих в нашей стране, сильно сказались на нашей репутации.;;;;;;;;;;;;;;;;;;x,,,,,;;;;;;;;;;;;;;;;;;;;;;
local_tractors;Тракторы и траулеры;;;;;;;;;;;;;;;;;;x,,,,,;;;;;;;;;;;;;;;;;;;;;;
desc_local_tractors;Технологии механизированное сельского хозяйства и рыболовства дошли до этой провинции в виде тракторов и рыболовных траулеров, что повышает эффективность и снижает трудоемкость местного сельского хозяйства.;;;;;;;;;;;;;;;;;;;x,,,,,;;;;;;;;;;;;;;;;;;;;;
interment_camps;Директива №1;;;;;;;;;;;;;;;;;;;x,,,,,;;;;;;;;;;;;;;;;;;;;;
interment_camps_desc;Директива № 1 - это название ряда мер, которые наша страна в настоящее время предпринимает для подавления внутренних разногласий.;;;;;;;;;;;;x,,,,,,,,,,,,,,,,,,,,,,;;;;;;;;;;;;;;;;;;;;;;;;;;;;
war_propaganda;Военная пропаганда;;;;;;;;;;;;;;;;;;;x,,,,,;;;;;;;;;;;;;;;;;;;;;
war_propaganda_desc;Наша страна в настоящее время проводит широкомасштабную пропагандистскую кампанию, подталкивая людей к поддержке нашей военной политики.;;;;;;;;;;;;x,,,,,,,,,,,,,,,,,,,,,,;;;;;;;;;;;;;;;;;;;;;;;;;;;;
government_propaganda;Правительственная пропаганда;;;;;;;;;;;;;;;;;;;x,,,,,;;;;;;;;;;;;;;;;;;;;;
government_propaganda_desc;В настоящее время в нашей стране проводится масштабная пропагандистская кампания, подталкивающая людей к поддержке нашей государственной политики.;;;;;;;;;;;;x,,,,,,,,,,,,,,,,,,,,,,;;;;;;;;;;;;;;;;;;;;;;;;;;;;
war_focus;Война в центре внимания;;;;;;;;;;;;;;;;;;;x,,,,,;;;;;;;;;;;;;;;;;;;;;
war_focus_desc;Эта война ради одной цели и только одной.;;;;;;;;;;;;;;;;;;;x,,,,,;;;;;;;;;;;;;;;;;;;;;
loyal_vassal;Верный вассал;;;;;;;;;;;;;;;;;;;x,,,,,;;;;;;;;;;;;;;;;;;;;;
loyal_vassal_desc;Мы будем поддерживать наших защитников.;;;;;;;;;;;;;;;;;;;x,,,,,;;;;;;;;;;;;;;;;;;;;;
substate_nation_player;Подневольное государство;;;;;;;;;;;;;;;;;;;x,,,,,;;;;;;;;;;;;;;;;;;;;;
in_disrepair;Ветхость;;;;;;;;;;;;;;;;;;;x,,,,,;;;;;;;;;;;;;;;;;;;;;
in_disrepair_desc;Зданиями в этой провинции пренебрегали так долго, что они разваливаются.;;;;;;;;;;;;;;;;;;;x,,,,,;;;;;;;;;;;;;;;;;;;;;
nationalization_in_progress;Национализация;;;;;;;;;;;;;;;;;;;x,,,,,;;;;;;;;;;;;;;;;;;;;;
nationalization_in_progress_desc;Наше правительство в настоящее время предпринимает усилия по национализации. Иностранцы больше не будут господствовать в нашей суверенной индустрии.;;;;;;;;;;;;;;;;;;;x,,,,,;;;;;;;;;;;;;;;;;;;;;
factories_nationalized;Национализированные фабрики;;;;;;;;;;;;;;;;;;;x,,,,,;;;;;;;;;;;;;;;;;;;;;
factories_nationalized_desc;Наши заводы в другой стране были национализированы. Это удар по престижу нашей страны.;;;;;;;;;;;;;;;;;;;x,,,,,;;;;;;;;;;;;;;;;;;;;;
santa_ana_rule;Антонио Лопес де Санта-Анна;;;;;;;;;;;;;;;;;;;x,,,,,;;;;;;;;;;;;;;;;;;;;;
santa_ana_rule_desc;Антонио де Падуя Марна Северино Лепес де Санта Анна и Перез де Лебрин - также известный как Санта Анна - является нынешним правителем Мексики. Будучи героем войны за независимость, его изменчивые политические взгляды и действия сделали его загадочной фигурой.;;;;;;;;;;;;;;;;;;;x,,,,,;;;;;;;;;;;;;;;;;;;;;
forceful_back_to_africa;Закон о возвращении в Африку;;;;;;;;;;;;;;;;;;;x,,,,,;;;;;;;;;;;;;;;;;;;;;
forceful_back_to_africa_desc;Без оков демократических правил правительство объявило приказ о насильственной репатриации всех культур африканской диаспоры в нашей стране.;;;;;;;;;;;;;;;;;;;x,,,,,;;;;;;;;;;;;;;;;;;;;;
ostflucht;Остфлюхт;;;;;;;;;;;;;;;;;;;x,,,,,;;;;;;;;;;;;;;;;;;;;;
ostflucht_desc;Бедность толкает людей на Запад.;;;;;;;;;;;;;;;;;;;x,,,,,;;;;;;;;;;;;;;;;;;;;;
considering_colonial_offer;Рассмотрение колониального предложения;;;;;;;;;;;;;;;;;;;x,,,,,;;;;;;;;;;;;;;;;;;;;;
considering_colonial_offer_desc;В настоящее время мы обсуждаем возможность создания колонии в недавно разваленной стране.;;;;;;;;;;;;;;;;;;;x,,,,,;;;;;;;;;;;;;;;;;;;;;
dismantling_country;Развал страны;;;;;;;;;;;;;;;;;;;x,,,,,;;;;;;;;;;;;;;;;;;;;;
dismantling_country_desc;Наши дипломатические усилия в настоящее время сосредоточены на ликвидации другой страны.;;;;;;;;;;;;;;;;;;;x,,,,,;;;;;;;;;;;;;;;;;;;;;
being_dismantled;В процессе развала;;;;;;;;;;;;;;;;;;;x,,,,,;;;;;;;;;;;;;;;;;;;;;
being_dismantled_desc;Наша страна проиграла, а наши земли делят между собой победители.;;;;;;;;;;;;;;;;;;;x,,,,,;;;;;;;;;;;;;;;;;;;;;
claiming_neuchatel;Претензии на Нёвшатель;;;;;;;;;;;;;;;;;;;;x,,,,,;;;;;;;;;;;;;;;;;;;;
the_long_war;Долгая Война;;;;;;;;;;;;;;;;;;;;x,,,,,;;;;;;;;;;;;;;;;;;;;
the_long_war_desc;Одна из наших войн тянулась долго - слишком долго. Международное сообщество начало рассматривать нашу атаку как истребление наших врагов.;;;;;;;;;;;;;;;;;;;;x,,,,,;;;;;;;;;;;;;;;;;;;;
research_lagging_behind;Усилия по модернизации;;;;;;;;;;;;;;;;;;;;x,,,,,;;;;;;;;;;;;;;;;;;;;
research_lagging_behind_desc;Наша страна направляет все свои ресурсы на проведение необходимых технологических реформ.;;;;;;;;;;;;;;;;;;;;x,,,,,;;;;;;;;;;;;;;;;;;;;
high_inflation_1;Высокая инфляция;;;;;;;;;;;;;;;;;;;;x,,,,,;;;;;;;;;;;;;;;;;;;;
high_inflation_1_desc;Инфляция отражает снижение покупательной способности на единицу денег - потерю реальной стоимости в среде обмена и расчетной единицы в экономике. Длительный период инфляции вызван тем, что денежная масса растет быстрее, чем темпы роста экономики. ;;;;;;;;;;;;;;;;;;;;x,,,,,;;;;;;;;;;;;;;;;;;;;
high_inflation_2;Высокая инфляция;;;;;;;;;;;;;;;;;;;;x,,,,,;;;;;;;;;;;;;;;;;;;;
high_inflation_2_desc;Инфляция отражает снижение покупательной способности на единицу денег - потерю реальной стоимости в среде обмена и расчетной единицы в экономике. Длительный период инфляции вызван тем, что денежная масса растет быстрее, чем темпы роста экономики. ;;;;;;;;;;;;;;;;;;;;x,,,,,;;;;;;;;;;;;;;;;;;;;
high_inflation_3;Гиперинфляция;;;;;;;;;;;;;;;;;;;;x,,,,,;;;;;;;;;;;;;;;;;;;;
high_inflation_3_desc;Гиперинфляция очень высока и, как правило, ускоряет инфляцию. Это быстро размывает реальную стоимость местной валюты, так как цены на все товары растут. Это заставляет людей минимизировать свои авуары в этой валюте, поскольку они обычно переключаются на более стабильные иностранные валюты. Гиперинфляция часто связана с некоторой нагрузкой на государственный бюджет, такой как войны или их последствия, социально-политические потрясения, обвал экспортных цен или другие кризисы, которые мешают правительству собирать налоговые поступления.;;;;;;;;;;;;;;;;;;;;x,,,,,;;;;;;;;;;;;;;;;;;;;
homeland_productive_year;Плодородный год;;;;;;;;;;;;;;;;;;;;x,,,,,;;;;;;;;;;;;;;;;;;;;
homeland_productive_year_desc;Этот год был особенно хорош для нашей страны.;;;;;;;;;;;;;;;;;;;;x,,,,,;;;;;;;;;;;;;;;;;;;;
severe_homeland_drought;Сильная засуха;;;;;;;;;;;;;;;;;;;;x,,,,,;;;;;;;;;;;;;;;;;;;;
severe_homeland_drought_desc;Сильная засуха поражает эту провинцию.;;;;;;;;;;;;;;;;;;;;x,,,,,;;;;;;;;;;;;;;;;;;;;
homeland_drought;Засуха;;;;;;;;;;;;;;;;;;;;x,,,,,;;;;;;;;;;;;;;;;;;;;
homeland_drought_desc;Эта провинция в настоящее время находится под засухой.;;;;;;;;;;;;;;;;;;;;x,,,,,;;;;;;;;;;;;;;;;;;;;
disable_conquest_cb;Повод для войны Завоевание отключен;;;;;;;;;;;;;;;;;;;;x,,,,,;;;;;;;;;;;;;;;;;;;;
disable_conquest_cb_desc;Поскольку в настоящее время мы привержены идеологии освобождения стран от тирании, было бы немыслимо, если бы мы предприняли попытку положить конец независимости другой страны.;;;;;;;;;;;;;;;;;;;;x,,,,,;;;;;;;;;;;;;;;;;;;;
colony_to_state_conversion;Преобразование колонии в государство;;;;;;;;;;;;;;;;;;;;x,,,,,;;;;;;;;;;;;;;;;;;;;
colony_to_state_conversion_desc;Необходимость преобразования нецивилизованной колонии в провинцию.;;;;;;;;;;;;;;;;;;;;x,,,,,;;;;;;;;;;;;;;;;;;;;
colony_to_be_annexed;Колониальные переговоры;;;;;;;;;;;;;;;;;;;;x,,,,,;;;;;;;;;;;;;;;;;;;;
colony_to_be_annexed_desc;Наш бывший повелитель проиграл войну, и теперь мы, как и их бывшая колония, за столом переговоров.;;;;;;;;;;;;;;;;;;;;x,,,,,;;;;;;;;;;;;;;;;;;;;
permanent_occupation;Оккупация побежденной страны;;;;;;;;;;;;;;;;;;;;x,,,,,;;;;;;;;;;;;;;;;;;;;
permanent_occupation_desc;Наша длительная оккупация страны, которая уже была побеждена, вызывает международную критику.;;;;;;;;;;;;;;;;;;;;x,,,,,;;;;;;;;;;;;;;;;;;;;
regency_government;Регентство;;;;;;;;;;;;;;;;;;;;x,,,,,;;;;;;;;;;;;;;;;;;;;
regency_government_desc;Болезнь, зарубежные поездки, преждевременная смерть или отречение - ряд причин может вызвать регентство. В любом случае, регенты не очень хороши в своей работе, а наша страна находится на грани хаоса.;;;;;;;;;;;;;;;;;;;;x,,,,,;;;;;;;;;;;;;;;;;;;;
reactionary_demands;Реакционная повестка дня;;;;;;;;;;;;;;;;;;;;x,,,,,;;;;;;;;;;;;;;;;;;;;
reactionary_demands;Реакционеры, пробившиеся к власти, осуществляют антизападную повестку дня.;;;;;;;;;;;;;;;;;;;;x,,,,,;;;;;;;;;;;;;;;;;;;;
integrating_colony;Интеграция колонии;;;;;;;;;;;;;;;;;;;;x,,,,,;;;;;;;;;;;;;;;;;;;;
integrating_colony_desc;Мы работаем над полной интеграцией большой колонии в нашу империю. Это потребует всех наших усилий, которые могут быть направлены на колонизацию.;;;;;;;;;;;;;;;;;;;;x,,,,,;;;;;;;;;;;;;;;;;;;;
non_interventionism_trade_policy;Экономическое невмешательство;;;;;;;;;;;;;;;;;;;;x,,,,,;;;;;;;;;;;;;;;;;;;;
non_interventionism_trade_policy_desc;Сторонники экономического невмешательства считают, что тарифы не должны использоваться для субсидирования или защиты национальной торговли.;;;;;;;;;;;;;;;;;;;;x,,,,,;;;;;;;;;;;;;;;;;;;;
claimed_africa;Претензия на колонию;;;;;;;;;;;;;;;;;;;;x,,,,,;;;;;;;;;;;;;;;;;;;;
claimed_africa_desc;Мы выдвинули претензию на колонию и должны подождать, прежде чем претендовать на новые колонии по тем же правилам.;;;;;;;;;;;;;;;;;;;;x,,,,,;;;;;;;;;;;;;;;;;;;;
quality_coal;Высококачественный уголь;;;;;;;;;;;;;;;;;;;;x,,,,,;;;;;;;;;;;;;;;;;;;;
quality_coal_desc;Уголь в этой провинции имеет высокое качество, истощается медленнее и производит больше тепла.;;;;;;;;;;;;;;;;;;;;x,,,,,;;;;;;;;;;;;;;;;;;;;
smithian_school;Теория Адама Смита;;;;;;;;;;;;;;;;;;;;x,,,,,;;;;;;;;;;;;;;;;;;;;
smithian_school_desc;Философии невмешательства, такие как минимизация роли государственного вмешательства и налогообложения на свободных рынках, а также идея о том, что «невидимая рука» управляет спросом и предложением, являются одними из ключевых идей, за которые нам нужно благодарить Адама Смита. Наша торговая политика во многом вдохновлена им.;;;;;;;;;;;;;;;;;;;;x,,,,,;;;;;;;;;;;;;;;;;;;;
french_liberal_school;Ортодоксальная либеральная школа;;;;;;;;;;;;;;;;;;;;x,,,,,;;;;;;;;;;;;;;;;;;;;
french_liberal_school_desc;Ортодоксальная школа экономической мысли, также известная как Французская либеральная школа или Оптимистическая школа, жадно защищает свободную торговлю и принцип невмешательства. Они являются основными противниками коллективистских, интервенционистских и протекционистских идей. Наша торговая политика в значительной степени вдохновлена этой школой.;;;;;;;;;;;;;;;;;;;;x,,,,,;;;;;;;;;;;;;;;;;;;;x,,,,,
no_trade_policy_set;Нет выбранной торговой политики;;;;;;;;;;;;;;;;;;;;x,,,,,;;;;;;;;;;;;;;;;;;;;
no_trade_policy_set_desc;Наше правительство не имеет установленной торговой политики и предпочитает принимать поспешные решения по тарифам.;;;;;;;;;;;;;;;;;;;;x,,,,,;;;;;;;;;;;;;;;;;;;;
russian_protectionism;Сильный протекционизм;;;;;;;;;;;;;;;;;;;;x,,,,,;;;;;;;;;;;;;;;;;;;;
russian_protectionism_desc;Цель этой политики состоит в том, чтобы иметь экономически независимую страну, которая полагается на высокие импортные тарифы для покрытия большинства расходов.;;;;;;;;;;;;;;;;;;;;x,,,,,;;;;;;;;;;;;;;;;;;;;
mercantilism;Меркантилизм;;;;;;;;;;;;;;;;;;;;x,,,,,;;;;;;;;;;;;;;;;;;;;
mercantilism_desc;Меркантилизм - это политика, направленная на максимизацию торговли страны и особенно на максимальное накопление золота и серебра. Она способствует государственному регулированию экономики страны с целью увеличения государственной власти за счет конкурирующих национальных сил.;;;;;;;;;;;;;;;;;;;;x,,,,,;;;;;;;;;;;;;;;;;;;;
economic_nationalism;Экономический национализм;;;;;;;;;;;;;;;;;;;;x,,,,,;;;;;;;;;;;;;;;;;;;;
economic_nationalism_desc;Цель этой политики - создать экономически независимую и самодостаточную страну. Она сосредоточена на внутреннем контроле над экономикой, трудом и накоплением капитала, даже если это требует жесткого наложения тарифов и других ограничений на движение рабочей силы, товаров и капитала.;;;;;;;;;;;;;;;;;;;;x,,,,,;;;;;;;;;;;;;;;;;;;;
polish_uprising_mobilization;Польское восстание;;;;;;;;;;;;;;;;;;;;x,,,,,;;;;;;;;;;;;;;;;;;;;
polish_uprising_mobilization_desc;Мы мобилизуем наш народ, чтобы Польша снова стала свободной.;;;;;;;;;;;;;;;;;;;;x,,,,,;;;;;;;;;;;;;;;;;;;;
credit_risk;Высокий кредитный риск;;;;;;;;;;;;;;;;;;;;x,,,,,;;;;;;;;;;;;;;;;;;;;
credit_risk_desc;Из-за восстаний, войн или общей нестабильности, другие страны не спешат одалживать нам деньги.;;;;;;;;;;;;;;;;;;;;x,,,,,;;;;;;;;;;;;;;;;;;;;
sound_dues;Зундская пошлина;;;;;;;;;;;;;;;;;;;;x,,,,,;;;;;;;;;;;;;;;;;;;;
sound_dues_toll;Зундская пошлина;;;;;;;;;;;;;;;;;;;;x,,,,,;;;;;;;;;;;;;;;;;;;;
unrecognized_country;Непризнанная страна;;;;;;;;;;;;;;;;;;;;x,,,,,;;;;;;;;;;;;;;;;;;;;
unrecognized_country_desc;Наше право на независимость не признает ни одна страна в связи с тем, что мы лишь недавно объявили себя независимыми.;;;;;;;;;;;;;;;;;;;;x,,,,,;;;;;;;;;;;;;;;;;;;;
monthly_payment_made;Ежемесячный платеж;;;;;;;;;;;;;;;;;;;;x,,,,,;;;;;;;;;;;;;;;;;;;;
monthly_payment_made_desc;Мы уже внесли свой вклад в казну нашего повелителя в этом месяце.;;;;;;;;;;;;;;;;;;;;x,,,,,;;;;;;;;;;;;;;;;;;;;
using_foreign_ships;Импортированные корабли;;;;;;;;;;;;;;;;;;;;x,,,,,;;;;;;;;;;;;;;;;;;;;
using_foreign_shipyards;Западные Верфи;;;;;;;;;;;;;;;;;;;;x,,,,,;;;;;;;;;;;;;;;;;;;;
using_foreign_weapons;Иностранное оружие;;;;;;;;;;;;;;;;;;;;x,,,,,;;;;;;;;;;;;;;;;;;;;
using_foreign_artillery;Иностранная артиллерия;;;;;;;;;;;;;;;;;;;;x,,,,,;;;;;;;;;;;;;;;;;;;;
sicilian_mafia;Сицилийская мафия;;;;;;;;;;;;;;;;;;;;x,,,,,;;;;;;;;;;;;;;;;;;;;
desc_sicilian_mafia;Сицилийская мафия, также известная как просто Мафия или Коза Ностра, это преступный синдикат родот из Сициии, действующий в южно-итальянских провинциях. Они получают прибыль в основном за счет рэкета, что негативно сказывается на прибыли производителей и их способности нанимать новых работников, но они также сосредоточены на политической коррупции и других криминальных сферах. Их жестокие методы пугают местных жителей.;;;;;;;;;;;;;;;;;;;;x,,,,,;;;;;;;;;;;;;;;;;;;;
owed_steamers;Подержанные пароходы;;;;;;;;;;;;;;;;;;;;x,,,,,;;;;;;;;;;;;;;;;;;;;
owed_artillery;Подержанная артиллерия;;;;;;;;;;;;;;;;;;;;x,,,,,;;;;;;;;;;;;;;;;;;;;
owed_canned_food;Подержанные консервы;;;;;;;;;;;;;;;;;;;;x,,,,,;;;;;;;;;;;;;;;;;;;;
total_reform; $COUNTRY_ADJ$ Чудо;;;;;;;;;;;;;;;;;;;;x,,,,,;;;;;;;;;;;;;;;;;;;;
total_reform_desc;Наша страна переживает обширные реформы всех сфер жизнедеятельности. Это не что иное, как настоящее чудо.;;;;;;;;;;;;;;;;;;;;x,,,,,;;;;;;;;;;;;;;;;;;;;
slave_revolution;Рабская Революция;;;;;;;;;;;;;;;;;;;;x,,,,,;;;;;;;;;;;;;;;;;;;;
relutanct_figher;Неохотный боец;;;;;;;;;;;;;;;;;;;;x,,,,,;;;;;;;;;;;;;;;;;;;;
relutanct_figher_desc;У этой нации, похоже, нет собственных амбиций, и она не хочет бороться за другую страну.;;;;;;;;;;;;;;;;;;;;x,,,,,;;;;;;;;;;;;;;;;;;;;
silver_mine;Серебряный рудник;;;;;;;;;;;;;;;;;;;;x,,,,,;;;;;;;;;;;;;;;;;;;;
krakow_is_austrian;Австрийский Краков;;;;;;;;;;;;;;;;;;;;x,,,,,;;;;;;;;;;;;;;;;;;;;
great_irish_famine;Великий голод в Ирландии;;;;;;;;;;;;;;;;;;;;x,,,,,;;;;;;;;;;;;;;;;;;;;
preparations_to_kill;Лагеря смерти;;;;;;;;;;;;;;;;;;;;x,,,,,;;;;;;;;;;;;;;;;;;;;
sunni_country;Сунниты;;;;;;;;;;;;;;;;;;;;x,,,,,;;;;;;;;;;;;;;;;;;;;
shiite_country;Шииты;;;;;;;;;;;;;;;;;;;;x,,,,,;;;;;;;;;;;;;;;;;;;;
ibadi_country;Ибадиты;;;;;;;;;;;;;;;;;;;;x,,,,,;;;;;;;;;;;;;;;;;;;;
catholic_country;Католики;;;;;;;;;;;;;;;;;;;;x,,,,,;;;;;;;;;;;;;;;;;;;;
protestant_country;Протестанты;;;;;;;;;;;;;;;;;;;;x,,,,,;;;;;;;;;;;;;;;;;;;;
mormon_country;Мормоны;;;;;;;;;;;;;;;;;;;;x,,,,,;;;;;;;;;;;;;;;;;;;;
orthodox_country;Православные;;;;;;;;;;;;;;;;;;;;x,,,,,;;;;;;;;;;;;;;;;;;;;
coptic_country;Копты;;;;;;;;;;;;;;;;;;;;x,,,,,;;;;;;;;;;;;;;;;;;;;
jewish_country;Иудеи;;;;;;;;;;;;;;;;;;;;x,,,,,;;;;;;;;;;;;;;;;;;;;
yazidi_country;Езиды;;;;;;;;;;;;;;;;;;;;x,,,,,;;;;;;;;;;;;;;;;;;;;
mahayana_country;Махаяна;;;;;;;;;;;;;;;;;;;;x,,,,,;;;;;;;;;;;;;;;;;;;;
gelugpa_country;Гелугпа;;;;;;;;;;;;;;;;;;;;x,,,,,;;;;;;;;;;;;;;;;;;;;
theravada_country;Тхеравада;;;;;;;;;;;;;;;;;;;;x,,,,,;;;;;;;;;;;;;;;;;;;;
hindu_country;Индуисты;;;;;;;;;;;;;;;;;;;;x,,,,,;;;;;;;;;;;;;;;;;;;;
shinto_country;Синтоисты;;;;;;;;;;;;;;;;;;;;x,,,,,;;;;;;;;;;;;;;;;;;;;
sikh_country;Сионисты;;;;;;;;;;;;;;;;;;;;x,,,,,;;;;;;;;;;;;;;;;;;;;
animist_country;Анимисты;;;;;;;;;;;;;;;;;;;;x,,,,,;;;;;;;;;;;;;;;;;;;;
native_assimilation_act_policy;Закон о ассимиляции туземцев;;;;;;;;;;;;;;;;;;;;;;;;;x;;;;;;;;;;;;;;;
native_assimilation_act_policy_desc;Правительство работает над ассимиляцией коренного населения.;;;;;;;;;;;x,,,,,,,,,,,,,,,,,,,,,,;;;;;;;;;;;;;;;;;;;;;;;;;;;;;
native_removal_act_policy;Закон об устранении туземцев;;;;;;;;;;;;;;;;;;;;;;;;;x;;;;;;;;;;;;;;;
native_removal_act_policy_desc;Дискриминационная политика направлена на ликвидацию и вытеснение коренного населения.;;;;;;;;;;;x,,,,,,,,,,,,,,,,,,,,,,;;;;;;;;;;;;;;;;;;;;;;;;;;;;;
african_integration_policy;Политика африканской интеграции;;;;;;;;;;;;;;;;;;;;;;;;;x;;;;;;;;;;;;;;;
native_assimilation_enacted;Политика ассимиляции туземцев;;;;;;;;;;;;;;;;;;;;;;;;;x;;;;;;;;;;;;;;;
new_world_nation;Нация Нового Света;;;;;;;;;;;;;;;;;;;;;;;;;x;;;;;;;;;;;;;;;
low_healthcare_poorly_funded;Плохо финансируемая медицина;;;;;;;;;;;;;;;;;;;;;;;;;x;;;;;;;;;;;;;;;
desc_low_healthcare_poorly_funded;Слабые инвестиции в администрацию приводят к плохо финансируемой системе здравоохранения.;;;;;;;;;;;;;;;;;;;;;;;;;x;;;;;;;;;;;;;;;
good_healthcare_poorly_funded;Плохо финансируемая медицина;;;;;;;;;;;;;;;;;;;;;;;;;x;;;;;;;;;;;;;;;
desc_good_healthcare_poorly_funded;Слабые инвестиции в администрацию приводят к плохо финансируемой системе здравоохранения.;;;;;;;;;;;;;;;;;;;;;;;;;x;;;;;;;;;;;;;;;
capital_health_care;Столичная медицина;;;;;;;;;;;;;;;;;;;;;;;;;x;;;;;;;;;;;;;;;
local_trinket_health_care;Местная минимальная медицина;;;;;;;;;;;;;;;;;;;;;;;;;x;;;;;;;;;;;;;;;
local_low_health_care;Местная слабая медицина;;;;;;;;;;;;;;;;;;;;;;;;;x;;;;;;;;;;;;;;;
local_acceptable_health_care;Местная приемлимая медицина;;;;;;;;;;;;;;;;;;;;;;;;;x;;;;;;;;;;;;;;;
local_good_health_care;Местная хорошая медицина;;;;;;;;;;;;;;;;;;;;;;;;;x;;;;;;;;;;;;;;;
pearl_season;Сезон охоты за жемчугом;;;;;;;;;;;;;;;;;;;;;;;;;x;;;;;;;;;;;;;;;
pearl_season_desc;Население этой провинции занимается очень прибыльной охотой за жемчугом.;;;;;;;;;;;;;;;;;;;;;;;;;x;;;;;;;;;;;;;;;
religious_minority_oppression;Угнетенные религиозные меньшинства;;;;;;;;;;;;;;;;;;;;;;;;;x;;;;;;;;;;;;;;;
religious_minority_oppression_desc;Религиозные меньшинства подвергаются жестокому обращению, что ведет к росту воинственности и сознательности этих людей.;;;;;;;;;;;;;;;;;;;;;;;;;x;;;;;;;;;;;;;;;
armenian_diaspora;Армянская диаспора;;;;;;;;;;;;;;;;;;;;;;;;;x;;;;;;;;;;;;;;;
armenian_diaspora_desc;В этой провинции проживает армянская диаспора.;;;;;;;;;;;;;;;;;;;;;;;;;x;;;;;;;;;;;;;;;
earthquake_devastation;Разрушения после землетрясения;;;;;;;;;;;;;;;;;;;;;;;;;x;;;;;;;;;;;;;;;
earthquake_devastation_desc;Мощное землетрясение недавно опустошило эту провинцию, оставив тысячи бездомных и разрушив жизнь множества людей.;;;;;;;;;;;;;;;;;;;;;;;;;x;;;;;;;;;;;;;;;
education_fully_funded;Отличное образование;;;;;;;;;;;;;;;;;;;;;;;;;x;;;;;;;;;;;;;;;
health_care_fully_funded;Отличная медицина;;;;;;;;;;;;;;;;;;;;;;;;;x;;;;;;;;;;;;;;;
neglected_education;Запущенное финансирование образования;;;;;;;;;;;;;;;;;;;;;;;;;x;;;;;;;;;;;;;;;
trinket_health_care_fully_funded;Полностью финансируемая медицина;;;;;;;;;;;;;;;;;;;;;;;;;x;;;;;;;;;;;;;;;
low_health_care_fully_funded;Полностью финансируемая медицина;;;;;;;;;;;;;;;;;;;;;;;;;x;;;;;;;;;;;;;;;
acceptable_health_care_fully_funded;Полностью финансируемая медицина;;;;;;;;;;;;;;;;;;;;;;;;;x;;;;;;;;;;;;;;;
good_health_care_fully_funded;Полностью финансируемая медицина;;;;;;;;;;;;;;;;;;;;;;;;;x;;;;;;;;;;;;;;;
low_schools_fully_funded;Полностью финансируемое образование;;;;;;;;;;;;;;;;;;;;;;;;;x;;;;;;;;;;;;;;;
acceptable_schools_fully_funded;Полностью финансируемое образование;;;;;;;;;;;;;;;;;;;;;;;;;x;;;;;;;;;;;;;;;
good_schools_fully_funded;Полностью финансируемое образование;;;;;;;;;;;;;;;;;;;;;;;;;x;;;;;;;;;;;;;;;
rally_tribesmen;Сплочение кочевников;;;;;;;;;;;;;;;;;;;;;;;;;x;;;;;;;;;;;;;;;
rally_tribesmen_desc;асть нашего народа оставляет кочевой образ жизни с многовековой культуры воинов. Достучавшись до этих людей и объединив их ради нашей цели, мы можем собрать гораздо большую армию для нашей страны.;;;;;;;;;;;;;;;;;;;;;;;;;x;;;;;;;;;;;;;;;
tanzimat_land_reform;Османский земельный кодекс;;;;;;;;;;;;;;;;;;;;;;;;;x;;;;;;;;;;;;;;;
tanzimat_land_reform_desc;Османский земельный кодекс стал началом систематической программы земельной реформы в Танзиматский период Османской империи. Причин принятия закона было две. (1) увеличить налоговые поступления и (2) осуществлять больший государственный контроль над территорией.;;;;;;;;;;;;;;;;;;;;;;;;;x;;;;;;;;;;;;;;;
war_economy_ships;Аварийное судостроение;;;;;;;;;;;;;;;;;;;;;;;;;x;;;;;;;;;;;;;;;
preparing_for_war;Подготовка к войне;;;;;;;;;;;;;;;;;;;;;;;;;x;;;;;;;;;;;;;;;
preparing_for_war_desc;Война с Севером неизбежна, и мы должны быть к этому готовы.;;;;;;;;;;;;;;;;;;;;;;;;;x;;;;;;;;;;;;;;;
missionary_activity;Миссионерская деятельность;;;;;;;;;;;;;;;;;;;;;;;;;x;;;;;;;;;;;;;;;
missionary_activity_desc;Иностранные миссионеры работают в нашей стране.;;;;;;;;;;;;;;;;;;;;;;;;;x;;;;;;;;;;;;;;;
exploiting_the_land;Эксплуатация Земли;;;;;;;;;;;;;;;;;;;;;;;;;x;;;;;;;;;;;;;;;
desc_exploiting_the_land;Эпоха князей является трудным и опасным временем, поэтому все правители обязаны сократить расходы и взять столько денег от своего населения, сколько они могут.;;;;;;;;;;;;;;;;;;;;;;;;;x;;;;;;;;;;;;;;;
province_small_immigration_boom;Местный иммиграционный бум;;;;;;;;;;;;;;;;;;;;;;;;;x;;;;;;;;;;;;;;;
desc_small_immigration_boom;Из-за благоприятных социально-экономических условий в этой провинции наблюдается иммиграционный бум.;;;;;;;;;;;;;;;;;;;;;;;;;x;;;;;;;;;;;;;;;
disunited_country;Разобщенная страна;;;;;;;;;;;;;;;;;;;;;;;;;x;;;;;;;;;;;;;;;
disunited_country_desc;Неподконтрольные военачальники, регионализм и преступники угрожают разорвать нашу страну на части. Значительная часть нашей рабочей силы и усилий правительства направлена исключительно на то, чтобы не дать нашей стране развалиться. Наш правитель часто ведет кампанию против мятежных полевых командиров.;;;;;;;;;;;;;;;;;;;;;;;;;x;;;;;;;;;;;;;;;
tewodros_reforms;Касса Хайлю;;;;;;;;;;;;;;;;;;;;;;;;;x;;;;;;;;;;;;;;;
tewodros_reforms_desc;Хотя наш нынешний правитель Касса Хайлю может быть одним из лучших стратегов в новейшей истории, он также был шифтой, преступником, и это понижает нашу нацию в глазах других.;;;;;;;;;;;;;;;;;;;;;;;;;x;;;;;;;;;;;;;;;
colonial_museum_of_natural_history;Музей Естествознания;;;;;;;;;;;;;;;;;;;;;;;;;x;;;;;;;;;;;;;;;
colonial_museum_of_natural_history_desc;В нашей стране создан Музей естествознания.;;;;;;;;;;;;;;;;;;;;;;;;;x;;;;;;;;;;;;;;;
plantation;Плантации и шахты;;;;;;;;;;;;;;;;;;x,,,,,;;;;;;;;;;;;;;;;;;;;;;
serial_killer;Серийный убийца на свободе;;;;;;;;;;;;;;;;;;x,,,,,;;;;;;;;;;;;;;;;;;;;;;
desc_serial_killer;Дегенерат совершает безумные и ужасные убийства в этом районе. Кто будет следующим?;;;;;;;;;;;;;;;;;x,,,,,;;;;;;;;;;;;;;;;;;;;;;;
silver_age;Серебряный век;;;;;;;;;;;;;;;;;;x,,,,,;;;;;;;;;;;;;;;;;;;;;;
silver_age_desc;Наш превосходный лидер проведет нас через трудные времена к лучшему будущему.;;;;;;;;;;;;;;;;;;x,,,,,;;;;;;;;;;;;;;;;;;;;;;
pancasila;Панча Сила;;;;;;;;;;;;;;;;;;x,,,,,;;;;;;;;;;;;;;;;;;;;;;
pancasila_desc;Индонезия должна объединиться! Под общим руководством нас ничто не остановит.;;;;;;;;;;;;;;;;;;x,,,,,;;;;;;;;;;;;;;;;;;;;;;
bazaari_strike;Базаарская забастовка;;;;;;;;;;;;;;;;;;x,,,,,;;;;;;;;;;;;;;;;;;;;;;
bazaari_strike_desc;Наши торговые элиты прекратили все виды деятельности. Экономика принимает тяжелый удар.;;;;;;;;;;;;;;;;;;x,,,,,;;;;;;;;;;;;;;;;;;;;;;
exemplary_troops;Образцовые войска;;;;;;;;;;;;;;;;;;x,,,,,;;;;;;;;;;;;;;;;;;;;;;
exemplary_troops_desc;Наши элитные войска своими подвигами вдохновляют наших рядовых, давая им моральный дух, необходимый для зарядки пулемета.;;;;;;;;;;;;;;;;;;x,,,,,;;;;;;;;;;;;;;;;;;;;;;
submarine_warfare;Подводная война;;;;;;;;;;;;;;;;;;x,,,,,;;;;;;;;;;;;;;;;;;;;;;
submarine_warfare_desc;Мы ведем в военно-морских технологиях и внушаем страх в сердца наших врагов!;;;;;;;;;;;;;;;;;;x,,,,,;;;;;;;;;;;;;;;;;;;;;;
rancho;Ранчо-Калифорния;;;;;;;;;;;;;;;;;;x,,,,,;;;;;;;;;;;;;;;;;;;;;;
rancho_desc;Наши щедрые пожертвования и земельные гранты позволяют быстро заселить район, что ведет к уникальному образу жизни.;;;;;;;;;;;;;;;;;;x,,,,,;;;;;;;;;;;;;;;;;;;;;;
reading;Чтение;;;;;;;;;;;;;;;;;;x,,,,,;;;;;;;;;;;;;;;;;;;;;;
reading_desc;Большое литературное произведение вдохновило людей на чтение. Массы могут стать образованными ... Ужас!;;;;;;;;;;;;;;;;;;x,,,,,;;;;;;;;;;;;;;;;;;;;;;
hague_convention;Ратифицированная Гаагская конвенция;;;;;;;;;;;;;;;;;;x,,,,,;;;;;;;;;;;;;;;;;;;;;;
hague_convention_desc;Мы подписали Гаагскую конвенцию, чтобы продвигать эпоху мира и стабильности.;;;;;;;;;;;;;;;;;;x,,,,,;;;;;;;;;;;;;;;;;;;;;;
camillo_cavour;Камилло Кавур;;;;;;;;;;;;;;;;;;x,,,,,;;;;;;;;;;;;;;;;;;;;;;
camillo_cavour_desc;Наш превосходный министр ведет нашу страну правильным путем. Современность теперь у нашего порога. Ура!;;;;;;;;;;;;;;;;;;x,,,,,;;;;;;;;;;;;;;;;;;;;;;
small_baby_boom;Бэби-бум;;;;;;;;;;;;;;;;;;;;;;;;x;;;;;;;;;;;;;;;;
dust_bowl;Пыльник;;;;;;;;;;;;;;;;;;;;;;;;x;;;;;;;;;;;;;;;;
emigrant_aid_company;Эмиграционная компания помощи;;;;;;;;;;;;;;;;;;;;;;;;x;;;;;;;;;;;;;;;;
bleeding_state;Кровоточащее государство;;;;;;;;;;;;;;;;;;;;;;;;x;;;;;;;;;;;;;;;;
free_staters_national;Миграционный запрет;;;;;;;;;;;;;;;;;;;;;;;;x;;;;;;;;;;;;;;;;
free_staters_national_desc;Нескольким поселенцам было запрещено переселяться в другие штаты, что вызвало общественное волнение.;;;;;;;;;;;;;;;;;;;;;;;;x;;;;;;;;;;;;;;;;
copperhead_democrats_national;Медные демократы;;;;;;;;;;;;;;;;;;;;;;;;x;;;;;;;;;;;;;;;;
copperhead_democrats_national_desc;Демократические аболиционисты и южные группы, выступающие за рабство, обсуждают будущее рабства в нашей стране.;;;;;;;;;;;;;;;;;;;;;;;;x;;;;;;;;;;;;;;;;
underground_railroad_shutdown;Закрытие подземной железной дороги;;;;;;;;;;;;;;;;;;;;;;;;x;;;;;;;;;;;;;;;;
underground_railroad_shutdown_desc;Несколько подземных железных дорог в нашей стране были закрыты, и этот акт свеж в памяти американского народа.;;;;;;;;;;;;;;;;;;;;;;;;x;;;;;;;;;;;;;;;;
fugitive_slave;Раб-беглец;;;;;;;;;;;;;;;;;;;;;;;;x;;;;;;;;;;;;;;;;
fugitive_slave_desc;Недавнее решение относительно беглого раба все еще свежо в памяти наших людей.;;;;;;;;;;;;;;;;;;;;;;;;x;;;;;;;;;;;;;;;;
abolitionist_pamphlets;Брошюры аболиционистов;;;;;;;;;;;;;;;;;;;;;;;;x;;;;;;;;;;;;;;;;
slave_market;Рынок рабов;;;;;;;;;;;;;;;;;;;;;;;;x;;;;;;;;;;;;;;;;
drinking_gourd;Пьющая тыква;;;;;;;;;;;;;;;;;;;;;;;;x;;;;;;;;;;;;;;;;
fire_eaters;Пожиратели огня;;;;;;;;;;;;;;;;;;;;;;;;x;;;;;;;;;;;;;;;;
yankee_doodle;Янки-дудл;;;;;;;;;;;;;;;;;;;;;;;x;;;;;;;;;;;;;;;;;
wish_I_was_dixie;Идентичность Дикси;;;;;;;;;;;;;;;;;;;;;;;x;;;;;;;;;;;;;;;;;
southern_manorialism;Южный Манориализм;;;;;;;;;;;;;;;;;;;;;;;x;;;;;;;;;;;;;;;;;
southern_pride;Южная Гордость;;;;;;;;;;;;;;;;;;;;;;;x;;;;;;;;;;;;;;;;;
desc_southern_pride;Дикси - гордый народ, гордый своей землей и гордящийся красотой своих женщин.;;;;;;;;;;;;;;;;;;;;;;;x;;;;;;;;;;;;;;;;;
enclosures;Ограждения;;;;;;;;;;;;;;;;;;;;;;;x;;;;;;;;;;;;;;;;;
desc_enclosures;Юридический процесс включения нескольких небольших земельных участков для создания одной более крупной фермы. После того, как закрытое, использование земли стало ограниченным для владельца, и это перестало быть общей землей для коммунального использования.;;;;;;;;;;;;;;;;;;;;;;;x;;;;;;;;;;;;;;;;;
haussmanns_renovations;Османизация Парижа ;;;;;;;;;;;;;;;;;;;;;;;x;;;;;;;;;;;;;;;;;
desc_haussmanns_renovations;Реконструкция Османа, задуманная Жоржем-Юджином Османом, включала в себя разрушение многолюдных и нездоровых средневековых кварталов, строительство широких проспектов, парков и площадей, аннексию пригородов, окружающих Париж, и строительство новых канализационных коллекторов, фонтанов и акведуков.;;;;;;;;;;;;;;;;;;;;;;;x;;;;;;;;;;;;;;;;;
foreign_claims;Иностранные претензии;;;;;;;;;;;;;;;;;;;;;;;x;;;;;;;;;;;;;;;;;
foreign_claims_desc;Другая нация выдвинула претензию на эту провинцию. Претензию, которую они скоро потеряют.;;;;;;;;;;;;;;;;;;;;;;;x;;;;;;;;;;;;;;;;;
IS_IN_DEFAULT_TO;Объявили им банкротство;;;;;;;;;;;;;;;;;;;;;;;x;;;;;;;;;;;;;;;;;
IS_NOT_IN_DEFAULT_TO;Не объявляли им банкротство;;;;;;;;;;;;;;;;;;;;;;x;;;;;;;;;;;;;;;;;;
warship_commissioned;Доставлен военный корабль;;;;;;;;;;;;;;;;;;;;;;;;x;;;;;;;;;;;;;;;;
warship_commissioned_desc;Строительство, доставка или получение нового иностранного военного корабля - сложная задача. Моряки должны быть обучены, офицеры проинструктированы и бюрократические формальности должны быть улажены. Из-за этого нам потребуется некоторое время, чтобы снова быть в состоянии участвовать в подобных вещах.;;;;;;;;;;;;;;;;;;;;;;;;x;;;;;;;;;;;;;;;;
ironclad_commision;Железные комиссии;;;;;;;;;;;;;;;;;;;;;;;;x;;;;;;;;;;;;;;;;
sino_portuguese_treaty_of_peking_signataire;Подписанный Пекинский договор;;;;;;;;;;;;;;;;;;;;;;;;x;;;;;;;;;;;;;;;;
local_distribution_channels_und_electricity;Торговые сети и электроосвещение;;;;;;;;;;;;;;;;;;;;;;;;x;;;;;;;;;;;;;;;;
desc_local_distribution_channels_und_electricity;В этой провинции были введены новые и эффективные способы продажи и перепродажи товаров, что позволило фермерам свободно обрабатывать свои поля, а на улицах этой провинции было установлено электрическое освещение, что повысило эффективность всего местного производства, так как рабочие работают в новых и хорошо освещенных окрестностях.;;;;;;;;;;;;;;;;;;;;x;;;;;;;;;;;;;;;;;;;;
freedom_of_religion;Свобода вероисповедания;;;;;;;;;;;;;;;;;;;x;;;;;;;;;;;;;;;;;;;;;
freedom_of_religion_desc;Никто не принужден следовать какой-либо религии в нашей стране, религиозные меньшинства имеют защищенный статус.;;;;;;;;;;;;;;;;;;;x;;;;;;;;;;;;;;;;;;;;;
repatriation;Репатриация;;;;;;;;;;;;;;;;;;;x;;;;;;;;;;;;;;;;;;;;;
desc_repatriation;Лагеря беженцев, обмен населением, массовые высылки. Какова бы ни была причина, у нас много людей для репатриации, и поэтому мы даем им больше места.;;;;;;;;;;;;;;;;;;;x;;;;;;;;;;;;;;;;;;;;;
gaslights;Газовые фонари;;;;;;;;;;;;;;;;;;;x;;;;;;;;;;;;;;;;;;;;;
gaslights_desc;Введение газовых светильников означало, что заранее определенные области, такие как маленькие комнаты или большие производственные цеха, могли быть освещены. Это означало, что люди больше не были ограничены восходом и заходом солнца.;;;;;;;;;;;;;;;;;;;;;;;;;;;;;;x;;;;;;;;;;
local_nitroglycerin_and_machine_tools;Механизированная добыча;;;;;;;;;;;;;;;;;;;;;;;;;;;;;x;;;;;;;;;;;
desc_local_nitroglycerin_and_machine_tools;Процесс добычи в этой провинции осуществляется с использованием новых и механизированных инструментов, а также новых взрывчатых веществ, что повышает эффективность местных операций по добыче и размер мин.;;;;;;;;;;;;;;;;;;;;;;;;;;;;;;x;;;;;;;;;;
modern_sail_ships;Современные Парусные Корабли;;;;;;;;;;;;;;;;;;;;x,,,,,;;;;;;;;;;;;;;;;;;;;
modern_sail_ships_desc;Современные технологии строительства, оснащения и комплектации парусных судов позволяют создавать более эффективные и мощные суда.;;;;;;;;;;;;;;;;;;;;x,,,,,;;;;;;;;;;;;;;;;;;;;
population_exchange_with_turkey;Обмен населением с Турцией;;;;;;;;;;;;;;;;;;;;;;;;;;;;;;x;;;;;;;;;;
albania_exchange;Албанский обмен;;;;;;;;;;;;;;;;;;;;;;;;;;;;;;x;;;;;;;;;;
bosnia_exchange;Боснийский обмен;;;;;;;;;;;;;;;;;;;;;;;;;;;;;;x;;;;;;;;;;
montenegro_exchange;Черногорский обмен;;;;;;;;;;;;;;;;;;;;;;;;;;;;;;x;;;;;;;;;;
southern_serbia_exchange;Южносербский обмен;;;;;;;;;;;;;;;;;;;;;;;;;;;;;;x;;;;;;;;;;
macedonia_exchange;Северомакедонский обмен;;;;;;;;;;;;;;;;;;;;;;;;;;;;;;x;;;;;;;;;;
dobrudja_exchange;Добруджанский обмен;;;;;;;;;;;;;;;;;;;;;;;;;;;;;;x;;;;;;;;;;
bulgaria_exchange;Болгарский обмен;;;;;;;;;;;;;;;;;;;;;;;;;;;;;;x;;;;;;;;;;
eastern_rumelia_exchange;Восточнорумелийский обмен;;;;;;;;;;;;;;;;;;;;;;;;;;;;;;x;;;;;;;;;;
thessalia_exchange;Фессалийский обмен;;;;;;;;;;;;;;;;;;;;;;;;;;;;;;x;;;;;;;;;;
southern_macedonia_exchange;Южномакедонский обмен;;;;;;;;;;;;;;;;;;;;;;;;;;;;;;x;;;;;;;;;;
eastern_macedonia_exchange;Восточномакедонский обмен;;;;;;;;;;;;;;;;;;;;;;;;;;;;;;;;;;;;;;;;
##################################################;;;;;;;;;;;;;;x;;;;;;;;;;;;;;;;;;;;;;;;;;;
# Crime;;;;;;;;;;;;;;x;;;;;;;;;;;;;;;;;;;;;;;;;;;
##################################################;;;;;;;;;;;;;;x;;;;;;;;;;;;;;;;;;;;;;;;;;;
machine_politics;Политическая машина;;;;;;;;;;;;;;;;;;;;x;;;;;;;;;;;;;;;;;;;;
desc_machine_politics;Политические машины - это партийная организация, возглавляемая одним боссом или небольшой автократической группой, которая располагает достаточным количеством голосов, чтобы поддерживать политический и административный контроль над городом, округом или государством. По сути, это подкуп в основном меньшинств политиками, использующими свое влияние. Распространено использование назначения на государственные должности как средство подкупа в рамках этой системы.;;;;;;;;;;;;;;;;;;;;;;;;;;;x;;;;;;;;;;;;;
spoil_system;Система добычи;;;;;;;;;;;;;;;;;;;;;;;;;;;x;;;;;;;;;;;;;
desc_spoil_system;Система добычи (также известная как система покровительства) - это практика, при которой политическая партия после победы на выборах дает правительственным сторонникам, друзьям и родственникам рабочие места в качестве вознаграждения за стремление к победе и как стимул продолжать работать на партию - в отличие от системы заслуг, где должности назначаются на основе заслуг, независимо от политической деятельности.;;;;;;;;;;;;;;;;;;;;;;;;;;;x;;;;;;;;;;;;;
instigators;Политические зачинщики;;;;;;;;;;;;;;;;;;;;;;;;;;;x;;;;;;;;;;;;;
desc_instigators;Если учреждения по борьбе с преступностью в провинции будут перегружены, зачинщики выйдут из себя и в конечном итоге соберут достаточное внимание и поддержку, чтобы оказать воздействие в установленном порядке.;;;;;;;;;;;;;;;;;;;;;;;;;;;x;;;;;;;;;;;;;
kleptocrats;Клептократы;;;;;;;;;;;;;;;;;;;;;;;;;;;x;;;;;;;;;;;;;
desc_kleptocrats;Клептократия - это термин, применяемый к правительству, в котором правящий класс использует коррупцию для расширения своего личного богатства и политической власти. Обычно эта система предполагает растрату государственных средств за счет широкого населения. Отсутствие достаточных контрольных институтов в стране, где внешний контроль невозможен или отсутствует, может означать, что бюрократы станут клептократами.;;;;;;;;;;;;;;;;;;;;;;;;;;;x;;;;;;;;;;;;;
##################################################;;;;;;;;;;;;;;x;;;;;;;;;;;;;;;;;;;;;;;;;;;
# General Modifiers;;;;;;;;;;;;;;x;;;;;;;;;;;;;;;;;;;;;;;;;;;
##################################################;;;;;;;;;;;;;;x;;;;;;;;;;;;;;;;;;;;;;;;;;;
international_zone_modifier;Международная зона;;;;;;;;;;;;;;;;;x,,,,,,,,,,,,,,,,,,,,,,;;;;;;;;;;;;;;;;;;;;;;;
international_zone_modifier_desc;Наша страна была объявлена международной зоной - центром торговли и коммерции, нейтральной зоной для встреч иностранных участников.;;;;;;;;;;;;;;;;;x,,,,,,,,,,,,,,,,,,,,,,;;;;;;;;;;;;;;;;;;;;;;;
international_zone;Международная зона;;;;;;;;;;;;;;;;;x,,,,,,,,,,,,,,,,,,,,,,;;;;;;;;;;;;;;;;;;;;;;;
isolationist_foreign_training;Неэффективное обучение за рубежом;;;;;;;;;;;;;;;;;x,,,,,,,,,,,,,,,,,,,,,,;;;;;;;;;;;;;;;;;;;;;;;
isolationist_foreign_training_desc;Возможно, мы сможем использовать эту военную реформу, но наше презрение к западным технологиям мешает нам в полной мере использовать наш опыт в этой области для подпитки наших исследований.;;;;;;;;;;;;;;;;;x,,,,,,,,,,,,,,,,,,,,,,;;;;;;;;;;;;;;;;;;;;;;;
isolationist_foreign_naval_schools;Неэффективные военно-морские школы;;;;;;;;;;;;;;;;;x,,,,,,,,,,,,,,,,,,,,,,;;;;;;;;;;;;;;;;;;;;;;;
isolationist_foreign_naval_schools_desc;Возможно, мы сможем использовать эту военную реформу, но наше презрение к западным технологиям мешает нам в полной мере использовать наш опыт в этой области для подпитки наших исследований.;;;;;;;;;;;;;;;;;x,,,,,,,,,,,,,,,,,,,,,,;;;;;;;;;;;;;;;;;;;;;;;
isolationist_foreign_officers;Неэффективные иностранные офицеры;;;;;;;;;;;;;;;;;x,,,,,,,,,,,,,,,,,,,,,,;;;;;;;;;;;;;;;;;;;;;;;
isolationist_foreign_officers_desc;Возможно, мы сможем использовать эту военную реформу, но наше презрение к западным технологиям мешает нам в полной мере использовать наш опыт в этой области для подпитки наших исследований.;;;;;;;;;;;;;;;;;x,,,,,,,,,,,,,,,,,,,,,,;;;;;;;;;;;;;;;;;;;;;;;
isolationist_foreign_naval_officers;Неэффективные морские офицеры;;;;;;;;;;;;;;;;;x,,,,,,,,,,,,,,,,,,,,,,;;;;;;;;;;;;;;;;;;;;;;;
isolationist_foreign_naval_officers_desc;Возможно, мы сможем использовать эту военную реформу, но наше презрение к западным технологиям мешает нам в полной мере использовать наш опыт в этой области для подпитки наших исследований.;;;;;;;;;;;;;;;;;x,,,,,,,,,,,,,,,,,,,,,,;;;;;;;;;;;;;;;;;;;;;;;
naval_school;Военно-морские школы;;;;;;;;;;;;;;;;;;;;;;x;;;;;;;;;;;;;;;;;;
desc_naval_school;Торговый флот управляет военно-морской школой в одной из наших провинций, предоставляя уроки лидерства и обучения новейшим военно-морским технологиям.;;;;;;;;;;;;;;;;;x,,,,,,,,,,,,,,,,,,,,,,;;;;;;;;;;;;;;;;;;;;;;;
historical_congo;Историческое Конго;;;;;;;;;;;;;x,,,,,,,,,,,,,,,,,,,,,,;;;;;;;;;;;;;;;;;;;;;;;;;;;
neuchatel_crisis_escalated;Нёвшательский кризис;;;;;;;;;;;;;x,,,,,,,,,,,,,,,,,,,,,,;;;;;;;;;;;;;;;;;;;;;;;;;;;
preparations_for_war;Подготовка к войне;;;;;;;;;;;;;;;;;;;;;;;;;;x;;;;;;;;;;;;;;
preparations_for_war_desc;Приближается война, или так говорят…;;;;;;;;;;;;;;;;;;;;;;;;;;x;;;;;;;;;;;;;;
congo_company;Компания Конго;;;;;;;;;;;;;;;;;;;;;;;;;;x;;;;;;;;;;;;;;
congo_company_desc;Компания была создана для изучения природных ресурсов Конго. А еще, чтобы его богатство и местные жители приносили нам пользу.;;;;;;;;;;;;;;;;;;;;;;;;;;x;;;;;;;;;;;;;;
congo_exploitation;Конголезская эксплуатация;;;;;;;;;;;;;;;;;;;;;;;;;;x;;;;;;;;;;;;;;
congo_exploitation_desc;Все чернокожие видели в этом человеке дьявола экватора ... Из всех тел, убитых в поле, вам пришлось отрезать руки. Он хотел видеть количество рук, отрезанных каждым солдатом ... Деревня, которая отказывалась предоставить резину, уничтожалась. В молодости я видел солдата [Файвеса] Молили, который тогда охранял деревню Боека, как тот взял сеть, поместил в нее десять арестованных туземцев, прикрепил к сети большие камни и бросил в реку ... Резина причиняет такие мучения... Вот почему мы больше не хотим слышать его имени. Солдаты заставляли молодых людей убивать и насиловать своих матерей и сестер.;;;;;;;;;;;;;;;;;;;;;;;;;;;x;;;;;;;;;;;;;
philantropic_work;Филантропическая Работа;;;;;;;;;;;;;;;;;;;;;;;;;;x;;;;;;;;;;;;;;
philantropic_work_desc;Мы помогаем местным жителям и направляем эту нацию к цивилизации.;;;;;;;;;;;;;;;;;;;;;;;;;;x;;;;;;;;;;;;;;
refused_gp_deliberation;Бросил вызов Великим державам;;;;;;;;;;;;;;;;;;;;;;;;;;x;;;;;;;;;;;;;;
refused_gp_deliberation_desc;Мы бросили вызов обсуждению Великих держав. Теперь они угрожают нам войной для обеспечения выполнения принятых решений, но если мы сможем продержаться достаточно долго, они могут быть вынуждены признать, что мы правы.;;;;;;;;;;;;;;;;;;;;;;;;;;x;;;;;;;;;;;;;;
mandate_of_heaven;Небесный мандат;;;;;;;;;;;;;;;;;;;;;;;;;;x;;;;;;;;;;;;;;
mandate_of_heaven_desc;По Божественному праву Император является правителем всего Поднебесного царства.;;;;;;;;;;;;;;;;;;;;;;;;;;x;;;;;;;;;;;;;;
the_congo_reform_association;Общество по проведению реформ в Конго;;;;;;;;;;;;;;;;;;;;;;;;;;x;;;;;;;;;;;;;;
the_congo_reform_association_desc;Международная гуманитарная организация проливает свет на нашу колониальную политику в Конго.;;;;;;;;;;;;;;;;;;;;;;;;;;x;;;;;;;;;;;;;;
indian_territory;Индейская территория;;;;;;;;;;;;x,,,,,,,,,,,,,,,,,,,,,,;;;;;;;;;;;;;;;;;;;;;;;;;;;;
indian_territory_desc;Индейская территория - это территория, отведенная правительством Соединенных Штатов для переселения коренных народов Северной и Южной Америки, которые имели право коренных народов на свою землю.;;;;;;;;;;;;x,,,,,,,,,,,,,,,,,,,,,,;;;;;;;;;;;;;;;;;;;;;;;;;;;;
reconstruction;Политика реконструкции;;;;;;;;;;;;x,,,,,,,,,,,,,,,,,,,,,,;;;;;;;;;;;;;;;;;;;;;;;;;;;;
reconstruction_desc;После Гражданской войны нашу порванную нацию нужно восстанавливать. Десятипроцентный план  предусматривает, что каждый сепаратистский штат должен был пересмотреть свою конституцию и мог вновь войти в Союз только после того, как 10 процентов его имеющих право голоса избирателей дадут клятву верности Соединенным Штатам. Только так США могут оправиться от последствий этой разрушительной войны.;;;;;;;;;;;;;;;;;;;;;;;x;;;;;;;;;;;;;;;;;
cultural_resurgence;Культурное возрождение;;;;;;;;;;;;;;;;;;;;;;;x;;;;;;;;;;;;;;;;;
cultural_resurgence_desc;Эта провинция переживает полное возрождение старой культуры.;;;;;;;;;;;;;;;;;;;;;;;x;;;;;;;;;;;;;;;;;
chinese_treaty_port;Китайские договорные порты;;;;;;;;;;;;;;;;;;;;;;;x;;;;;;;;;;;;;;;;;
chinese_treaty_port_desc;Мы договорились с китайцами о договоре и приобрели права на китайский порт и город.;;;;;;;;;;;;;;;;;;;;;;;x;;;;;;;;;;;;;;;;;
negotiating_unequal_treaty;Неравный договор;;;;;;;;;;;;;;;;;;;;;;;x;;;;;;;;;;;;;;;;;
negotiating_unequal_treaty_desc;Мы проиграли войну и европейцы словно стервятники бросились на нас, навязывая свои условия, включая открытие нашей страны, денежные репарации и даже отделение территорий.;;;;;;;;;;;;;;;;;;;;;;;x;;;;;;;;;;;;;;;;;
negotiating_treaty;Переговоры о Договоре;;;;;;;;;;;;;;;;;;;;;;;x;;;;;;;;;;;;;;;;;
negotiating_treaty_desc;Наши дипломаты ведут переговоры о заключении мирного договора с побежденной нацией.;;;;;;;;;;;;;;;;;;;;;;;x;;;;;;;;;;;;;;;;;
lacks_writing_system;Не хватает системы письма;;;;;;;;;;;;;;;;;;;;;;;x;;;;;;;;;;;;;;;;;
lacks_writing_system_desc;В нашем обществе нет системы письма. Без письма организационные структуры правительства всегда будут упрощенными.;;;;;;;;;;;;;;;;;;;;;;;x;;;;;;;;;;;;;;;;;
penal_colony;Исправительная колония;;;;;;;;;;;;;;;;;;;;;;;x;;;;;;;;;;;;;;;;;
penal_colony_desc;Эта провинция является домом для значительной исправительной колонии. Большинство бедных слоев населения являются осужденными или бывшими осужденными, что ведет к повсеместной бедности.;;;;;;;;;;;;;;;;;;;;;;;x;;;;;;;;;;;;;;;;;
divided_society;Разделенное общество;;;;;;;;;;;;;;;;;;;;;;;x;;;;;;;;;;;;;;;;;
divided_society_desc;Наше общество глубоко разделено по расовым вопросам. Вокруг недоверие и негодование, и из-за этого интеграция серьезно пострадала.;;;;;;;;;;;;;;;;;;;;;;;x;;;;;;;;;;;;;;;;;
caudillo_leaders;Каудильо;;;;;;;;;;;;;;;;;;;;;;;x;;;;;;;;;;;;;;;;;
caudillo_leaders_desc;Каудильо - это тип лидера ополчения с харизматичной личностью и достаточным количеством популистской программы общих реформ, чтобы завоевать широкую симпатию среди простых людей. Эффективный каудилизм зависит от культа личности. Поскольку каудильо, как правило, удерживали власть, которая не имела конкурентной структуры, некоторые каудильо заняли антиклерикальную позицию. Многие из каудильо использовали свою власть для продвижения своих собственных богатств и интересов.;;;;;;;;;;;;;;;;;;;;;;;x;;;;;;;;;;;;;;;;;
corrupt_army;Коррумпированные чиновники;;;;;;;;;;;;;;;;;;;;;;;x;;;;;;;;;;;;;;;;;
corrupt_army_desc;После одного поражения один из наших генералов обвинил неудачу в вражеской магии, что вызвало гневный ответ правителя. Очевидно, что организация и материально-техническое обеспечение нашей армии недостаточно, подготовка офицеров недостаточна, коррупция широко распространена.;;;;;;;;;;;;;;;;;;;;;;;x;;;;;;;;;;;;;;;;;
fanatic_army;Фанатичная преданность;;;;;;;;;;;;;;;;;;;;;;;x;;;;;;;;;;;;;;;;;
fanatic_army_desc;Отмеченная высоким уровнем дисциплины и фанатизма, наша армия набирает людей со всей нашей страны для борьбы за наше дело. Эти призывники твердо верят в нашу миссию и обладают неизменной преданностью нам.;;;;;;;;;;;;;;;;;;;;;;;x;;;;;;;;;;;;;;;;;
irish_poverty;Ирландская бедность;;;;;;;;;;;;;;;;;;;;;;;x;;;;;;;;;;;;;;;;;
animists_run;Эмиграция язычников;;;;;;;;;;;;;;;;;;;;;;;x;;;;;;;;;;;;;;;;;
hormuz_strait;Ормузский пролив;;;;;;;;;;;;;;;;;;;;;;;x;;;;;;;;;;;;;;;;;
the_french_foreign_legion;Иностранный легион;;;;;;;;;;;;;;;;;;;x;;;;;;;;;;;;;;;;;;;;;
the_hedeselskab;Общество Чести;;;;;;;;;;;;;;;;;;x,,,,;;;;;;;;;;;;;;;;;;;;;;
the_hedeselskab_desc;Основание датской мавританской компании привело к осушению и благоустройству обширных территорий.;;;;;;;;;;;;;;;;;;x,,,,;;;;;;;;;;;;;;;;;;;;;;
emigration_boom;Эмиграционный бум;;;;;;;;;;;;;;;;;;x,,,,;;;;;;;;;;;;;;;;;;;;;;
emigration_boom_desc;Изменение условий жизни в нашей стране стимулирует массовое переселение наших людей.;;;;;;;;;;;;;;;;;;x,,,,;;;;;;;;;;;;;;;;;;;;;;
gold_rush_country;Золотая лихорадка;;;;;;;;;;;;;;;;;;x,,,,;;;;;;;;;;;;;;;;;;;;;;
gold_rush_country_desc;Наша страна переживает золотую лихорадку, побуждающую людей со всего старого мира устремляться в нашу страну.;;;;;;;;;;;;;;;;;;x,,,,;;;;;;;;;;;;;;;;;;;;;;
global_baby_boom;Бэби-бум;;;;;;;;;;;;;;;;;;x,,,,;;;;;;;;;;;;;;;;;;;;;;
global_baby_boom_desc;Улучшение условий жизни в нашей стране ведет к общенациональному бэби-буму.;;;;;;;;;;;;;;;;;;x,,,,;;;;;;;;;;;;;;;;;;;;;;
political_education;Идеологическое образование;;;;;;;;;;;;;;;;;;x,,,,;;;;;;;;;;;;;;;;;;;;;;
political_education_desc;Образование в нашей стране является идеологической обработки и серьезно меняется каждый раз, когда меняется наш лидер. Таким образом, обеспечивается всеобщее государственное образование, и алфавитизация является приоритетом, но за счет свободного мышления.;;;;;;;;;;;;;;;;;;x,,,,;;;;;;;;;;;;;;;;;;;;;;
cult_of_personality;Культ личности;;;;;;;;;;;;;;;;;;x,,,,;;;;;;;;;;;;;;;;;;;;;;
cult_of_personality_desc;Культ личности возникает, когда человек использует средства массовой информации, пропаганду или другие методы, чтобы создать идеализированный, героический, а порой и культовый образ, часто с помощью беспрекословной лести и похвалы.;;;;;;;;;;;;;;;;;;x,,,,;;;;;;;;;;;;;;;;;;;;;;
totalitarian_system;Тоталитаризм;;;;;;;;;;;;;;;;;;x,,,,;;;;;;;;;;;;;;;;;;;;;;
totalitarian_system_desc;Тоталитаризм - это политическая система, в которой государство имеет полную власть над обществом и стремится контролировать все аспекты общественной и частной жизни.;;;;;;;;;;;;;;;;;;x,,,,;;;;;;;;;;;;;;;;;;;;;;
the_terror;Террор;;;;;;;;;;;;;;;;;;x,,,,;;;;;;;;;;;;;;;;;;;;;;
the_terror_desc;Чтобы победить наших врагов, пришла пора нарастить в стране милитаризм. Большинство населения это и есть опора нашей страны. На остальных нам наплевать. Они должны быть уничтожены.;;;;;;;;;;;;;;;x,,,,;;;;;;;;;;;;;;;;;;;;;;;;;
silver_age;Серебряный век;;;;;;;;;;;;x,,,,;;;;;;;;;;;;;;;;;;;;;;;;;;;;
silver_age_desc;Наш самый превосходный лидер проведет нас через трудные времена к лучшему будущему.;;;;;;;;;;;;;;;;;;;;;;;;x,,,,;;;;;;;;;;;;;;;;
chinese_foreign_training;Зарубежное обучение в Китае;;;;;;;;;;;;;;;;;;;;;;;;x;;;;;;;;;;;;;;;;
chinese_foreign_weapons;Западное оружие в Китае;;;;;;;;;;;;;;;;;;;;;;;;x;;;;;;;;;;;;;;;;
chinese_foreign_officers;Иностранные офицеры в Китае;;;;;;;;;;;;;;;;;;;;;;;;x;;;;;;;;;;;;;;;;
chinese_foreign_artillery;Западная артиллерия в Китае;;;;;;;;;;;;;;;;;;;;;;;;x;;;;;;;;;;;;;;;;
pandemic_influenza_immunity;Далеко от эпидемии;;;;;;;;;;;;;;;;;;;;;;;;x;;;;;;;;;;;;;;;;
pandemic_influenza_immunity_desc;Эпидемия гриппа разрушает нашу страну, но это небольшое изолированное сообщество невосприимчиво к ней, благодаря своему удаленному расположению.;;;;;;;;;;;;;;;;;;;;;;;;x;;;;;;;;;;;;;;;;
population_resettlement;Переселение населения;;;;;;;;;;;;;;;;;;;;;;;;x;;;;;;;;;;;;;;;;
population_resettlement_desc;Наша нация работает над национальной интеграцией региона путем переселения наших граждан.;;;;;;;;;;;;;;;;;;;;;;;;x;;;;;;;;;;;;;;;;
trade_city;Торговый город;;;;;;;;;;;;;;;;;;;;;;;;x;;;;;;;;;;;;;;;;
trade_city_desc;Расположенный в этой провинции важный региональный центр торговли пользуется большим экономическим процветанием.;;;;;;;;;;;;;;;;;;;;;;;;x;;;;;;;;;;;;;;;;
peacetime_mobilization;Мобилизация в мирное время;;;;;;;;;;;;;;;;;;;;;;;;x;;;;;;;;;;;;;;;;
peacetime_mobilization_desc;Призывников набирают, а наших бедных обучают и готовят к бою, но войны нет. Эта нестабильность в повседневной жизни страны вызывает у наших людей усталость, а у соседей - настороженность.;;;;;;;;;;;;;;;;;;;;;;;;x;;;;;;;;;;;;;;;;
tribute_received;Дань получена;;;;;;;;;;;;;;;;;;;;;;;;x;;;;;;;;;;;;;;;;
tribute_received_desc;Один из наших вассалов отдал нам должное.;;;;;;;;;;;;;;;;;;;;;;;;x;;;;;;;;;;;;;;;;
tribute_paid;Дань уплачена;;;;;;;;;;;;;;;;;;;;;;;;x;;;;;;;;;;;;;;;;
tribute_paid_desc;Мы должны делиться частью наших доходов с нашим повелителем, и, как ни крути, мы от этого беднеем.;;;;;;;;;;;;;;;;;;;;;;;;x;;;;;;;;;;;;;;;;
islamic_law_triggered;Мусульманское право;;;;;;;;;;;;;;;;;;;;;;;;x;;;;;;;;;;;;;;;;
islamic_law_triggered_desc;Мусульманское право сейчас является основным правовым кодексом нашего общества. В нем рассматриваются несколько тем, в том числе: преступность, политика и экономика, а также личные вопросы, такие как половые отношения, гигиена, диета, молитва, повседневный этикет и пост.;;;;;;;;;;;;;;;;;;;;;;;;x;;;;;;;;;;;;;;;;
deportation_underway;Депортация;;;;;;;;;;;;;;;;;;;;;;;;x;;;;;;;;;;;;;;;;
deportation_underway_desc;"Людей разных национальностей ""поощряют"" выехать из этой страны.";;;;;;;;;;;;;;;;;;;;;;;;x;;;;;;;;;;;;;;;;
treaty_port;Договорный порт;;;;;;;;;;;;;;;;;;;;;;;;x;;;;;;;;;;;;;;;;
treaty_port_desc;Этот порт был передан иностранной администрации, и он является центром китайской торговли для остального мира.;;;;;;;;;;;;;;;;;;;;;;;;x;;;;;;;;;;;;;;;;
drained_marsh;Осушенное болото;;;;;;;;;;;;;;;;;;;;;;;;x;;;;;;;;;;;;;;;;
drained_marsh_desc;Это болото было осушено, и в результате оно стало более обитаемым.;;;;;;;;;;;;;;;;;;;;;;;;x;;;;;;;;;;;;;;;;
backed_down_on_promise;Отказ от обещаний;;;;;;;;;;;;;;;;;;;;;;;;x;;;;;;;;;;;;;;;;
backed_down_on_promise_desc;Наше правительство нарушило одно или несколько важных обещаний для нашего населения.;;;;;;;;;;;;;;;;;;;;;;;;x;;;;;;;;;;;;;;;;
highlander_raids;Рейды горцев;;;;;;;;;;;;;;;;;;;;;;;;x;;;;;;;;;;;;;;;;
highlander_raids_desc;Горские рейдеры грабят наши провинции.;;;;;;;;;;;;;;;;;;;;;;;;x;;;;;;;;;;;;;;;;
jewish_farms;Еврейские земли;;;;;;;;;;;;;;;;;;;;;;;;x;;;;;;;;;;;;;;;;
jewish_farms_desc;Евреи, иммигрировавшие в Израиль, приобрели земли, которые были в основном полузасушливы, а где-то и вовсе уничтожены в результате обезлесения, эрозии почвы и отсутствия заботы. Они приступили к расчистке каменистых полей, строительству террас, осушению болот, восстановлению лесов, противодействию эрозии почвы и промыванию соленых земель. Со времени обретения независимости общая площадь обрабатываемых земель увеличилась с 408 000 акров (1 650 км2) до 1 070 000 акров (4 300 км2), а число сельскохозяйственных общин увеличилось с 400 до 725. Производство сельскохозяйственной продукции увеличилось в 16 раз, что в три раза больше, чем рост населения.;;;;;;;;;;;;;;;;;;;;;;;;x;;;;;;;;;;;;;;;;
monument_under_construction;В процессе строительства;;;;;;;;;;;;;;;;;;;;;;;;x;;;;;;;;;;;;;;;;
monument_under_construction_desc;Мы строим великий проект, чтобы отпраздновать величие нашей нации.;;;;;;;;;;;;;;;;;;;;;;;;x;;;;;;;;;;;;;;;;
recently_built_city;Недавно построенный город;;;;;;;;;;;;;;;;;;;;;;;;x;;;;;;;;;;;;;;;;
recently_built_city_desc;Столица этой провинции была недавно построена правительством, в результате чего многие рабочие переехали в регион, чтобы построить город с современной инфраструктурой.;;;;;;;;;;;;;;;;;;;;;;;;x;;;;;;;;;;;;;;;;
law_changed_by_force;Изменение закона;;;;;;;;;;;;;;;;;;;;;;;;x;;;;;;;;;;;;;;;;
law_changed_by_force_desc;Мы оказали давление на верхнюю палату, чтобы провести срочную реформу.;;;;;;;;;;;;;;;;;;;;;;;;x;;;;;;;;;;;;;;;;
social_reformed_nation;Государство полного благосостояния;;;;;;;;;;;;;;;;;;;;;;;;x;;;;;;;;;;;;;;;;
social_reformed_nation_desc;Социальные реформы в нашей стране соответствуют всем социалистическим требованиям, и некоторые ученые называют нас государством всеобщего благосостояния.;;;;;;;;;;;;;;;;;;;;;;;;x;;;;;;;;;;;;;;;;
wahhabism_in_nejd;Ваххабизм;;;;;;;;;;;;;;;;;;;;;;;;;x;;;;;;;;;;;;;;;
wahhabism_in_nejd_desc;«Основная идея» обучения ваххабизму заключалась в том, что люди, которые называли себя мусульманами, но поддерживали любые реформы Ислама после первых трех поколений последователей пророка Мухаммеда, не просто вводили в заблуждение или совершали грех, но были «вне рамок ислама», как и мусульмане, которые не соглашались с его определением. Это включало не только слабых, неграмотных, кочевых бедуинов, но и шиитов, суфиев и османов.;;;;;;;;;;;;;;;;;;;;;;;;;x;;;;;;;;;;;;;;;
russian_army;Русская армия;;;;;;;;;;;;;;;;;;;;;;;;;x;;;;;;;;;;;;;;;
russian_army_desc;Русская армия может быть крупнейшей сухопутной силой в Европе, но она плохо снабжена и организована.;;;;;;;;;;;;;;;;;;;;;;;;;x;;;;;;;;;;;;;;;
landlocked_nation;Не имеющая выхода к морю нация;;;;;;;;;;;;;;;;;;;;;;;;;x;;;;;;;;;;;;;;;
landlocked_nation_desc;У нашей нации нет выхода к морю, что значительно увеличивает стоимость импорта.;;;;;;;;;;;;;;;;;;;;;;;;;x;;;;;;;;;;;;;;;
fundamentalist_sympathies;Исламские фундаменталисты;;;;;;;;;;;;;;;;;;;;;;;;;x;;;;;;;;;;;;;;;
fundamentalist_sympathies_desc;Исламские фундаменталисты агитируют людей в этой провинции.;;;;;;;;;;;;;;;;;;;;;;;;;x;;;;;;;;;;;;;;;
new_constitution;Новая Конституция;;;;;;;;;;;;;;;;;;;;;;;;;x;;;;;;;;;;;;;;;
new_constitution_desc;В нашей стране была принята новая Конституция, гарантирующая права граждан и право голоса. Благодаря ей революционное пламя угасает.;;;;;;;;;;;;;;;;;;;;;;;;;x;;;;;;;;;;;;;;;
rise_of_a_nation;Возвышение нации;;;;;;;;;;;;;;;;;;;;;;;;;x;;;;;;;;;;;;;;;
rise_of_a_nation_desc;Наша гордая нация свободна, и наша культура снова расцветает.;;;;;;;;;;;;;;;;;;;;;;;;;x;;;;;;;;;;;;;;;
sounds_dues_toll;Зундская пошлина;;;;;;;;;;;;;;;;;;;;;;;;;x;;;;;;;;;;;;;;;
sounds_dues_toll_desc;Зундская пошлина - это плата за проход через пролив Эресунн, которая составляла до двух третей государственного дохода Дании в 16 и 17 веках. Сборы были введены королем Поморья Эриком в 1429 году.;;;;;;;;;;;;;;;;;;;;;;;;;x;;;;;;;;;;;;;;;
MODIFIER_DEBT_DEFAULT_TO;Банкротство перед ;;;;;;;;;;;;;;;;;;;;;;;;;x;;;;;;;;;;;;;;;
generalised_debt_default;Общее банкротство ;;;;;;;;;;;;;;;;;;;;;;;;;x;;;;;;;;;;;;;;;
MODIFIER_GENERALISED_DEBT_DEFAULT;Общее банкротство ;;;;;;;;;;;;;;;;;;;;;;;;;x;;;;;;;;;;;;;;;
hunger_riots;Продовольственные бунты;;;;;;;;;;;;;;;;;;;x,,,,,;;;;;;;;;;;;;;;;;;;;;
desc_hunger_riots;Провинция, в которой бедные находятся в тяжелом положении, в которой отсутствуют эффективные полицейские силы и меньше средств на борьбу с преступностью, приводит к тому, что демонстрации выходят из-под контроля и перерастают в беспорядки.;;;;;;;;;;;;;;;;;;;x,,,,,;;;;;;;;;;;;;;;;;;;;;
preparations_to_kill;Лагеря смерти;;;;;;;;;;;;;;;;;;;x,,,,,;;;;;;;;;;;;;;;;;;;;;
preparations_to_kill_desc;Мы решаем проблему меньшинств в нашей стране. Меньшинства распределяются в лагеря смерти, где ждут своей судьбы. Или уже дождались.;;;;;;;;;;;;;;;;;;;x,,,,,;;;;;;;;;;;;;;;;;;;;;
withdrew_from_geneva_convention;Выход из Женевской конвенции;;;;;;;;;;;;;;;;;;;x,,,,,;;;;;;;;;;;;;;;;;;;;;
withdrew_from_geneva_convention_desc;Наша страна вышла из Женевской конвенции.;;;;;;;;;;;;;;;;;;;x,,,,,;;;;;;;;;;;;;;;;;;;;;
small_but_efficient;Мал, да удал;;;;;;;;;;;;;;;;;;;x,,,,,;;;;;;;;;;;;;;;;;;;;;
small_but_efficient_desc;Наша страна может быть маленькой, но это означает только то, что мы можем управлять ею лучше.;;;;;;;;;;;;;;;;;;;x,,,,,;;;;;;;;;;;;;;;;;;;;;
mass_graves;Массовые смерти;;;;;;;;;;;;;;;;;;;x,,,,,;;;;;;;;;;;;;;;;;;;;;
mass_graves_desc;В этой провинции произошла вспышка насилия, в результате которой погибло много людей.;;;;;;;;;;;;;;;;;;;x,,,,,;;;;;;;;;;;;;;;;;;;;;
own_kiel_canal;Кильский канал;;;;;;;;;;;;;;;;;;;x,,,,,;;;;;;;;;;;;;;;;;;;;;
own_kiel_canal_desc;Мы владеем Кильским каналом, связывающим Балтийское море и Северное море без необходимости плавать вокруг Дании, , и мы получаем дивиденды и престиж за его владение.;;;;;;;;;;;;;;;;;;;x,,,,,;;;;;;;;;;;;;;;;;;;;;
own_suez_canal;Суэцкий канал;;;;;;;;;;;;;;;;;;;x,,,,,;;;;;;;;;;;;;;;;;;;;;
own_suez_canal_desc;Мы владеем Суэцким каналом, связывающим Средиземное море и Красное море без необходимости плавать вокруг Африки, и мы получаем дивиденды и престиж за его владение.;;;;;;;;;;;;;;;;;;;x,,,,,;;;;;;;;;;;;;;;;;;;;;
own_panama_canal;Панамский канал;;;;;;;;;;;;;;;;;;;x,,,,,;;;;;;;;;;;;;;;;;;;;;
own_panama_canal_desc;Мы владеем Панамским каналом, огромным инженерным достижением, связывающим Тихий и Атлантический океаны, и мы получаем дивиденды и престиж за его владение.;;;;;;;;;;;;;;;;;;;x,,,,,;;;;;;;;;;;;;;;;;;;;;
rebuilding_city;Перестройка;;;;;;;;;;;;;;;;;;;;x,,,,,;;;;;;;;;;;;;;;;;;;;
rebuilding_city_desc;Наш город перестраивается.;;;;;;;;;;;;;;;;;;;;x,,,,,;;;;;;;;;;;;;;;;;;;;
slave_growth;Демография рабов;;;;;;;;;;;;;x,,,,,,,,,,,,,,,,,,,,,,;;;;;;;;;;;;;;;;;;;;;;;;;;;
slave_growth_desc;Население рабов изменилось в нашей стране.;;;;;;;;;;;;;x,,,,,,,,,,,,,,,,,,,,,,;;;;;;;;;;;;;;;;;;;;;;;;;;;
assegai;Импи;;;;;;;;;;;;;x,,,,,,,,,,,,,,,,,,,,,,;;;;;;;;;;;;;;;;;;;;;;;;;;;
assegai_desc;Военные инновации, такие как ассегай, возрастная полковая система и тактика окружения, помогли сделать Зулу одной из самых могущественных наций в южной и юго-восточной Африке.;;;;;;;;;;;;;x,,,,,,,,,,,,,,,,,,,,,,;;;;;;;;;;;;;;;;;;;;;;;;;;;
will_influence_elections;Следим за выборами;;;;;;;;;;;;;x,,,,,,,,,,,,,,,,,,,,,,;;;;;;;;;;;;;;;;;;;;;;;;;;;
will_influence_elections_desc;Мы следим за выборами этого года.;;;;;;;;;;;;;x,,,,,,,,,,,,,,,,,,,,,,;;;;;;;;;;;;;;;;;;;;;;;;;;;
let_the_chips_fall;Не следим за выборами;;;;;;;;;;;;;x,,,,,,,,,,,,,,,,,,,,,,;;;;;;;;;;;;;;;;;;;;;;;;;;;
let_the_chips_fall_desc;Мы не участвуем в выборах этого года.;;;;;;;;;;;;;x,,,,,,,,,,,,,,,,,,,,,,;;;;;;;;;;;;;;;;;;;;;;;;;;;
the_big_army;Большая армия;;;;;;;;;;;;;x,,,,,,,,,,,,,,,,,,,,,,;;;;;;;;;;;;;;;;;;;;;;;;;;;
the_big_army_desc;Генерал Уркиса собирает огромную армию из уругвайских добровольцев и всей страны, чтобы победить Росаса.;;;;;;;;;;;;;x,,,,,,,,,,,,,,,,,,,,,,;;;;;;;;;;;;;;;;;;;;;;;;;;;
small_immigration_boom;Иммиграционный бум;;;;;;;;;;;;;x,,,,,,,,,,,,,,,,,,,,,,;;;;;;;;;;;;;;;;;;;;;;;;;;;
small_immigration_boom_desc;Наша нация процветает, и поэтому все больше людей стекаются в наши города каждый день.;;;;;;;;;;;;;x,,,,,,,,,,,,,,,,,,,,,,;;;;;;;;;;;;;;;;;;;;;;;;;;;
the_big_ben;Биг Бэн;;;;;;;;;;;;;x,,,,,,,,,,,,,,,,,,,,,,;;;;;;;;;;;;;;;;;;;;;;;;;;;
the_big_ben_desc;Башня с часами получила свое прозвище от одноименного колокола. Биг Бэн контролирует жизнь и работу в Лондоне, оттикивая с высочайшей точностью начало и окончание рабочего дня.;;;;;;;;;;;;;x,,,,,,,,,,,,,,,,,,,,,,;;;;;;;;;;;;;;;;;;;;;;;;;;;
bigben_construction;Реконструкция Вестминстерского дворца;;;;;;;;;;;;;x,,,,,,,,,,,,,,,,,,,,,,;;;;;;;;;;;;;;;;;;;;;;;;;;;
bigben_construction_desc;Вестминстерский дворец реконструируется, а вместе с ним и огромная башня с часами.;;;;;;;;;;;;;x,,,,,,,,,,,,,,,,,,,,,,;;;;;;;;;;;;;;;;;;;;;;;;;;;
eiffel_tower_construction;Строится Эйфелева башня;;;;;;;;;;;;;x,,,,,,,,,,,,,,,,,,,,,,;;;;;;;;;;;;;;;;;;;;;;;;;;;
eiffel_tower_construction_desc;Наша великая нация посвящает свои ресурсы и рабочих на строительство великолепной башни.;;;;;;;;;;;;;x,,,,,,,,,,,,,,,,,,,,,,;;;;;;;;;;;;;;;;;;;;;;;;;;;
suez_canal_construction;Строится Суэцкий канал;;;;;;;;;;;;;x,,,,,,,,,,,,,,,,,,,,,,;;;;;;;;;;;;;;;;;;;;;;;;;;;
suez_canal_construction_desc;Наша нация выделяет свои ресурсы на строительство великого канала.;;;;;;;;;;;;;x,,,,,,,,,,,,,,,,,,,,,,;;;;;;;;;;;;;;;;;;;;;;;;;;;
kiel_canal_construction;Строится Кильский канал;;;;;;;;;;;;;x,,,,,,,,,,,,,,,,,,,,,,;;;;;;;;;;;;;;;;;;;;;;;;;;;
kiel_canal_construction_desc;Наша нация выделяет свои ресурсы на строительство великого канала.;;;;;;;;;;;;;x,,,,,,,,,,,,,,,,,,,,,,;;;;;;;;;;;;;;;;;;;;;;;;;;;
panama_canal_construction;Строится Панамский канал;;;;;;;;;;;;;x,,,,,,,,,,,,,,,,,,,,,,;;;;;;;;;;;;;;;;;;;;;;;;;;;
panama_canal_construction_desc;Наша нация выделяет свои ресурсы на строительство великого канала.;;;;;;;;;;;;;x,,,,,,,,,,,,,,,,,,,,,,;;;;;;;;;;;;;;;;;;;;;;;;;;;
kinda_bad_badboy;Международные санкции;;;;;;;;;;;;;x,,,,,,,,,,,,,,,,,,,,,,;;;;;;;;;;;;;;;;;;;;;;;;;;;
kinda_bad_badboy_desc;Мы были объявлены угрозой глобальной безопасности и международному балансу сил. Санкции были применены к нашей стране и гражданам, и нас предупредили, что великие державы ухудшат эти санкции, если мы продолжим нашу агрессию.;;;;;;;;;;;;;x,,,,,,,,,,,,,,,,,,,,,,;;;;;;;;;;;;;;;;;;;;;;;;;;;
solano_lopez_industrialization;Индустриализация Солано Лопес;;;;;;;;;;;;;x,,,,,,,,,,,,,,,,,,,,,,;;;;;;;;;;;;;;;;;;;;;;;;;;;
solano_lopez_industrialization_desc;После своего прихода к власти Карлос Солано Лопес начал агрессивную программу индустриализации и милитаризации нашей страны, которая включала субсидии для промышленности, минимальные расходы на вооруженные силы и сильный акцент на производительность.;;;;;;;;;;;;;x,,,,,,,,,,,,,,,,,,,,,,;;;;;;;;;;;;;;;;;;;;;;;;;;;
bad_badboy;Международная изоляция;;;;;;;;;;;;;x,,,,,,,,,,,,,,,,,,,,,,;;;;;;;;;;;;;;;;;;;;;;;;;;;
bad_badboy_desc;У нашей великой нации появилось много врагов, и теперь большинство стран мира видят в нас международную угрозу. Они объединили усилия, чтобы изолировать нас.;;;;;;;;;;;;;x,,,,,,,,,,,,,,,,,,,,,, ;;;;;;;;;;;;;;;;;;;;;;;;;;;
north_coalition;Великая армия;;;;;;;;;;;;;x,,,,,,,,,,,,,,,,,,,,,,;;;;;;;;;;;;;;;;;;;;;;;;;;;
north_coalition_desc;Генерал Уркиса из Энтре-Риоса собирает огромную армию против Росаса, и некоторые из наших провинций обязались поддержать его.;;;;;;;;;;;;;;;;x,,,,,,,,,,,,,,,,,,,;;;;;;;;;;;;;;;;;;;;;;;;
organic_statute;Органический статут царства Польского;;;;;;;;;;;;;;;;x,,,,,,,,,,,,,,,,,,,;;;;;;;;;;;;;;;;;;;;;;;;
organic_statute_desc;Органический статут царства Польского был конституцией, введенной после подавления польского восстания 1830–31 годов вместо Конституции 1815 года. Он был обнародован в Санкт-Петербурге царем Николаем I 14 февраля 1832 года. Хотя Органический стату и расформировал Сейм и польскую армию, он сохранил такие автономные институты, как наместничество, Государственный совет и Административный совет наместника.;;;;;;;;;;;;;;;;x,,,,,,,,,,,,,,,,,,,;;;;;;;;;;;;;;;;;;;;;;;;
francia_utopia;Утопия де Франсия;;;;;;;;;;;;;;;;x,,,,,,,,,,,,,,,,,,,;;;;;;;;;;;;;;;;;;;;;;;;
francia_utopia_desc;Доктор де Франсия, пожизненный диктатор Парагвая, вдохновленный французскими революционными идеалами, стремился создать утопическое государство на основе общественного договора Руссо. Хотя он и стремился к равенству людей, де Франсия безжалостно уничтожал любую оппозицию и создал полицейское государство, заключив в тюрьму всех, кого он считал мятежниками. Будучи изоляционистом, он управлял страной почти без влияния извне.;;;;;;;;;;;;;;;;x,,,,,,,,,,,,,,,,,,,;;;;;;;;;;;;;;;;;;;;;;;;
colorado_sympathies;Колорадская агитация;;;;;;;;;;;;;;;;x,,,,,,,,,,,,,,,,,,,;;;;;;;;;;;;;;;;;;;;;;;;
colorado_sympathies_desc;Этот регион находится под влиянием фракции Колорадо, и это может вызвать проблемы.;;;;;;;;;;;;;;;;x,,,,,,,,,,,,,,,,,,,;;;;;;;;;;;;;;;;;;;;;;;;
blanco_sympathies;Агитация Бланко;;;;;;;;;;;;;;;;x,,,,,,,,,,,,,,,,,,,;;;;;;;;;;;;;;;;;;;;;;;;
blanco_sympathies_desc;Этот регион находится под влиянием фракции Бланко, и это может вызвать проблемы.;;;;;;;;;;;;;;;;x,,,,,,,,,,,,,,,,,,,;;;;;;;;;;;;;;;;;;;;;;;;
rivera_reforms;Вмешательство Риверы;;;;;;;;;;;;;;;;x,,,,,,,,,,,,,,,,,,,;;;;;;;;;;;;;;;;;;;;;;;;
rivera_reforms_desc;Фруктуозо Ривера вошел в Монтевидео победоносно и принял диктаторские полномочия, в то время как он призывал к выборам. ;;;;;;;;;;;;;;;;x,,,,,,,,,,,,,,,,,,,;;;;;;;;;;;;;;;;;;;;;;;;
prussia_disagrees;Пруссия поддерживает Венский договор;;;;;;;;;;;;;;;;x,,,,,,,,,,,,,,,,,,,;;;;;;;;;;;;;;;;;;;;;;;;
russia_disagrees;Россия поддерживает Венский договор;;;;;;;;;;;;;;;;x,,,,,,,,,,,,,,,,,,,;;;;;;;;;;;;;;;;;;;;;;;;
krakow_uprising;Возрождение крылатых гусаров;;;;;;;;;;;;;;;;x,,,,,,,,,,,,,,,,,,,;;;;;;;;;;;;;;;;;;;;;;;;
polish_spirit;Польские настроения;;;;;;;;;;;;;;;;x,,,,,,,,,,,,,,,,,,,;;;;;;;;;;;;;;;;;;;;;;;;
polish_spirit_desc;С успешной революцией в Кракове поляки повсюду снова требуют независимой и единой Польши.;;;;;;;;;;X,,,,,,,,;;;;;;;;;;;;;;;;;;;;;;;;;;;;;;
official_nationality;Теория официальной народности;;;;;;;;;;x,,,,,,,,,,;;;;;;;;;;;;;;;;;;;;;;;;;;;;;;
official_nationality_desc;"""Православие, Самодержавие и Народность"", также известные как теория официальной народности, были доминирующей идеологической доктриной российского императора Николая I. Царь в настоящее время пытается русифицировать нашу страну, значительно разрушая ее организацию, но побуждая польский народ на восстание!";;;;;;;;;;;;;;;;;X,,,,,,,,,,,,,,,,,,,;;;;;;;;;;;;;;;;;;;;;;;
orthodoxy_autocracy_nationality;Православие, Самодержавие и Народность!;;;;;;;;;;;;;;;x,,,,,,,,,,,,;;;;;;;;;;;;;;;;;;;;;;;;;
orthodoxy_autocracy_nationality_desc; Политика официальной народности вступила в силу, и она ускоряет ассимиляцию других культур ценой некоторых волнений.;;;;;;;;;;;x,,,,,,,,,;;;;;;;;;;;;;;;;;;;;;;;;;;;;;
communists_ruling;Долой капиталистов!;;;;;;;;;;;;;;X,,,,,,,,,;;;;;;;;;;;;;;;;;;;;;;;;;;
communists_ruling_desc;Наш народ сейчас возглавляет пролетариат, капиталистам здесь не место!;;;;;;;;;;;;X,,,,,,,,,,,,;;;;;;;;;;;;;;;;;;;;;;;;;;;;
soviet_agitation;Царское самодержавие;;;;;;;;;;;;X,,,,,,;;;;;;;;;;;;;;;;;;;;;;;;;;;;
soviet_agitation_desc;Тяжелые войны, технологическая отсталость России, царское самодержавие и репрессии истощают наш народ и наши ресурсы. Увидим ли мы когда-нибудь конец царского самодержавия?;;;;;;;;;;X,,,,,,,,,,,,;;;;;;;;;;;;;;;;;;;;;;;;;;;;;;
white_desorganisation;Дезорганизация в командовании;;;;;;;;;;;;;;;;;;;;;;;;x,,,,,,,,,;;;;;;;;;;;;;;;;
white_desorganisation_desc;Белой армии в русский гражданской войне удалось достичь успехов в войне против Советов, но дезорганизация в ее командовании сильно помешала их усилиям!;;;;;;;;;;;;X,,,,,,,,,,,,,,,,,,;;;;;;;;;;;;;;;;;;;;;;;;;;;;
install_communist_gov_sov;Установить коммунизм;;;;;;;;;;;;x;;;;;;;;;;;;;;;;;;;;;;;;;;;;
install_communist_gov_sov_desc;Установить коммунистическое правительство.;;;;;;;;;;;x;;;;;;;;;;;;;;;;;;;;;;;;;;;;;
install_communist_gov_sov_setup;Установить коммунистическое правительство. Если это будет достигнуто, страна автоматически добавится в нашу сферу и станет нашим вассалом.;;;;;;;;;;;x;;;;;;;;;;;;;;;;;;;;;;;;;;;;;
install_communist_gov_sov_short;Установить коммунизм;;;;;;;;;;;;x;;;;;;;;;;;;;;;;;;;;;;;;;;;;
human_research_modifier;Ускоренные исследования;;;;;;;;;;;;;x;;;;;;;;;;;;;;;;;;;;;;;;;;;
canadian_confederation;Канадская Конфедерация;;;;;;;;;;;;;x;;;;;;;;;;;;;;;;;;;;;;;;;;;
canadian_confederation_short;Канада будет конфедерацией!;;;;;;;;;;;;;x;;;;;;;;;;;;;;;;;;;;;;;;;;;
canadian_confederation_setup;Массивные провинции Доминиона Канады просят независимости. Движение, возглавляемое сэром Джоном А. Макдональдом, может в итоге обеспечить Британской империи стойкого и децентрализованного союзника в Северной Америке.;;;;;;;;;;;;;x;;;;;;;;;;;;;;;;;;;;;;;;;;;
canadian_confederation_desc;Массивные провинции Доминиона Канады просят независимости. Движение, возглавляемое сэром Джоном А. Макдональдом, может в итоге обеспечить Британской империи стойкого и децентрализованного союзника в Северной Америке.;;;;;;;;;;;;;x;;;;;;;;;;;;;;;;;;;;;;;;;;;
canadian_confederation_title;Канадская Конфедерация;;;;;;;;;;;;;x;;;;;;;;;;;;;;;;;;;;;;;;;;;
australian_independence;Австралийская Конфедерация;;;;;;;;;;;;;x;;;;;;;;;;;;;;;;;;;;;;;;;;;
australian_independence_short;Австралия объединилась в шесть отдельных штатов и получила независимость.;;;;;;;;;;;;;x;;;;;;;;;;;;;;;;;;;;;;;;;;;
australian_independence_setup;Австралийское движение за независимость наконец достигло апогея, и пришло время, когда Британская империя наконец позволит Австралии двигаться вперед в новый мир демократии.;;;;;;;;;;;;;x;;;;;;;;;;;;;;;;;;;;;;;;;;;
australian_independence_desc;Австралийское движение за независимость наконец достигло апогея, и пришло время, когда Британская империя наконец позволит Австралии двигаться вперед в новый мир демократии.;;;;;;;;;;;;;x;;;;;;;;;;;;;;;;;;;;;;;;;;;
australian_independence_title;Конституция Австралии;;;;;;;;;;;;;x;;;;;;;;;;;;;;;;;;;;;;;;;;;
kiwi_constitution;Доминион Новой Зеландии;;;;;;;;;;;;;x;;;;;;;;;;;;;;;;;;;;;;;;;;;
kiwi_constitution_short;Новая Зеландия была освобождена!;;;;;;;;;;;;;x;;;;;;;;;;;;;;;;;;;;;;;;;;;
kiwi_constitution_setup;После независимости Австралии и исторических связей между Австралией и Новой Зеландией движение Киви наконец-то материализовалось, требуя децентрализованной независимости.;;;;;;;;;;;;;x;;;;;;;;;;;;;;;;;;;;;;;;;;;
kiwi_constitution_desc;После независимости Австралии и исторических связей между Австралией и Новой Зеландией движение Киви наконец-то материализовалось, требуя децентрализованной независимости.;;;;;;;;;;;;;x;;;;;;;;;;;;;;;;;;;;;;;;;;;
kiwi_constitution_title;Доминион Новой Зеландии;;;;;;;;;;;;;x;;;;;;;;;;;;;;;;;;;;;;;;;;;
first_riel_rebellion;Последствия первого восстания Риеля;;;;;;;;;;;;;x;;;;;;;;;;;;;;;;;;;;;;;;;;;
first_riel_rebellion_desc;Первое восстание Риеля закончилось кровью и изгнанием. Метисы никогда его не забудут, а правительство им этого не позволит.;;;;;;;;;;;;;x;;;;;;;;;;;;;;;;;;;;;;;;;;;
first_riel_rebellion_title;Последствия первого восстания Риеля;;;;;;;;;;;;;x;;;;;;;;;;;;;;;;;;;;;;;;;;;
metis_twilight;Второе пришествие Метисов;;;;;;;;;;;;;x;;;;;;;;;;;;;;;;;;;;;;;;;;;
metis_twilight_desc;Второе восстание Риэла закончилось худшим из возможных способов, и метисы теперь являются маргинализованными людьми в Канаде..;;;;;;;;;;;;;x;;;;;;;;;;;;;;;;;;;;;;;;;;;
metis_twilight_title;Второе пришествие Метисов;;;;;;;;;;;;;x;;;;;;;;;;;;;;;;;;;;;;;;;;;
taras_shevchenko_local;Тарас Шевченко;;;;;;;;;;;;;x;;;;;;;;;;;;;;;;;;;;;;;;;;;
taras_shevchenko_local_desc;Тарас Шевченко приобретает известность и влияет на украинский народ в его стремлении к независимости и государственному строительству.;;;;;;;;;;;;;x;;;;;;;;;;;;;;;;;;;;;;;;;;;
taras_shevchenko_local_title;Тарас Шевченко;;;;;;;;;;;;;x;;;;;;;;;;;;;;;;;;;;;;;;;;;
taras_works_local;Тарас Шевченко;;;;;;;;;;;;;x;;;;;;;;;;;;;;;;;;;;;;;;;;;
taras_works_local_desc;Тарас Шевченко усердно работает после многих жизненных событий и быстро становится известным как отец украинского языка и культуры.;;;;;;;;;;;;;x;;;;;;;;;;;;;;;;;;;;;;;;;;;
taras_works_local_title;Тарас Шевченко;;;;;;;;;;;;;x;;;;;;;;;;;;;;;;;;;;;;;;;;;
slavery_timer;Продолжительное рабство;;;;;;;;;;;;;x;;;;;;;;;;;;;;;;;;;;;;;;;;;
slavery_timer_desc;Рабство в нашей стране продолжается, делая нашу страну менее привлекательной по мере того, как мир движется дальше.;;;;;;;;;;;;;x;;;;;;;;;;;;;;;;;;;;;;;;;;;
slavery_timer_title;Продолжительное рабство;;;;;;;;;;;;;x;;;;;;;;;;;;;;;;;;;;;;;;;;;
independence_of_norway;Независимость Норвегии;;;;;;;;;;;;;x;;;;;;;;;;;;;;;;;;;;;;;;;;;
independence_of_norway_short;Независимость Норвегии;;;;;;;;;;;;;x;;;;;;;;;;;;;;;;;;;;;;;;;;;
independence_of_norway_setup;Независимость Норвегии;;;;;;;;;;;;;x;;;;;;;;;;;;;;;;;;;;;;;;;;;
independence_of_norway_desc;Личный союз между Швецией и Норвегией находится на последнем этапе, и попытки найти общий язык между шведами и норвежцами быстро проваливаются. Освобождение Норвегии кажется единственным выходом.;;;;;;;;;;;;;x;;;;;;;;;;;;;;;;;;;;;;;;;;;
independence_of_norway_title;Независимость Норвегии;;;;;;;;;;;;;x;;;;;;;;;;;;;;;;;;;;;;;;;;;
restart_the_caucasian_war;Возобновить Кавказскую войну;;;;;;;;;;;;;x;;;;;;;;;;;;;;;;;;;;;;;;;;;
restart_the_caucasian_war_short;Возобновить Кавказскую войну;;;;;;;;;;;;;x;;;;;;;;;;;;;;;;;;;;;;;;;;;
restart_the_caucasian_war_setup;Возобновить Кавказскую войну;;;;;;;;;;;;;x;;;;;;;;;;;;;;;;;;;;;;;;;;;
restart_the_caucasian_war_desc;Хотя Россия приостановила Кавказско-Черкесскую войну во время своих войн с Персией и Османской империей, теперь у России есть шанс сохранить лицо и обеспечить свою гегемонию над Кавказом. Это не то решение, которое следует воспринимать легкомысленно, поскольку война бушевала в той или иной форме с 1763 года.;;;;;;;;;;;;;x;;;;;;;;;;;;;;;;;;;;;;;;;;;
restart_the_caucasian_war_title;Возобновить Кавказскую войну;;;;;;;;;;;;;x;;;;;;;;;;;;;;;;;;;;;;;;;;;
caucasian_war_local;Кавказская война;;;;;;;;;;;;;x;;;;;;;;;;;;;;;;;;;;;;;;;;;
caucasian_war_local_desc;Продолжающаяся Кавказская война вызывает беспорядки и отсутствие производительности в этих провинциях.;;;;;;;;;;;;;x;;;;;;;;;;;;;;;;;;;;;;;;;;;
caucasian_war_local_title;Кавказская война;;;;;;;;;;;;;x;;;;;;;;;;;;;;;;;;;;;;;;;;;
caucasian_truce_local;Кавказская война - перемирие;;;;;;;;;;;;;x;;;;;;;;;;;;;;;;;;;;;;;;;;;
caucasian_truce_local_desc;Кавказская война находится на стадии перемирия, пока что. Непростое перемерие, заключенное после кровопролития с обеих сторон, представляет собой долгожданную передышку для местного населения, уставшего от постоянной напряженности и русских оккупантов.;;;;;;;;;;;;;x;;;;;;;;;;;;;;;;;;;;;;;;;;;
caucasian_truce_local_title;Кавказская война - перемирие;;;;;;;;;;;;;x;;;;;;;;;;;;;;;;;;;;;;;;;;;
SOV_communists;Большевики;;;;;;;;;;;;;;;;;x,,,,,,,,,,,,,,,,;;;;;;;;;;;;;;;;;;;;;;;
SOV_communists_2;Фракция Троцкого;;;;;;;;;;;;;X,,,,,,,,,,,,,;;;;;;;;;;;;;;;;;;;;;;;;;;;
kobu_gattai;Кобу гаттай;;;;;;;;;;;;x,,,,,,,,,,,,,,,,,,,,,,;;;;;;;;;;;;;;;;;;;;;;;;;;;;
kobu_gattai_desc;Это была политика сёгуната Токугава, направленная на усиление политической координации между бакуфу и Императорским двором, а также на умиротворение противников внутри самого сёгуната.;;;;;;;;;;;;x,,,,,,,,,,,,,,,,,,,,,;;;;;;;;;;;;;;;;;;;;;;;;;;;;
sakoku;Сакоку;;;;;;;;;;;;x,,,,,,,,,,,,,,,,,,,,,,;;;;;;;;;;;;;;;;;;;;;;;;;;;;
sakoku_desc;«Запертая страна» - это политика, при которой ни один иностранец не может въехать в Японию под страхом смерти. Поддерживаемый сёгунатом Токугава, он держит нацию в принудительной изоляции с 17-го века.;;;;;;;;;;;;x,,,,,,,,,,,,,,,,,,,,;;;;;;;;;;;;;;;;;;;;;;;;;;;;
tozama_daimyo;Даймё Тосама;;;;;;;;;;;;x,,,,,,,,,,,,,,,,,,,,,,;;;;;;;;;;;;;;;;;;;;;;;;;;;;
fudai_daimyo;Даймё Фудай;;;;;;;;;;;;x,,,,,,,,,,,,,,,,,,,,,,;;;;;;;;;;;;;;;;;;;;;;;;;;;;
emperor_meiji;Император Мэйдзи;;;;;;;;;;;;x,,,,,,,,,,,,,,,,,,,,,,;;;;;;;;;;;;;;;;;;;;;;;;;;;;
supports_imperial_edict;Поддержка императорского указа против иностранцев;;;;;;;;;;;;x,,,,,,,,,,,,,,,,,,,,,,;;;;;;;;;;;;;;;;;;;;;;;;;;;;
angered_by_bakufu;Раздражение Бакуфу;;;;;;;;;;;;x,,,,,,,,,,,,,,,,,,,,,,;;;;;;;;;;;;;;;;;;;;;;;;;;;;
rangaku;Рангаку;;;;;;;;;;;;x,,,,,,,,,,,,,,,,,,,,,,;;;;;;;;;;;;;;;;;;;;;;;;;;;;
rangaku_desc;Под «Голландским обучением» подразумевается совокупность знаний, разработанных Японией в результате ее контактов с голландским анклавом Дежима, что позволило Японии иметь представление о западных технологиях и медицины в период, когда страна была закрыта для иностранцев.;;;;;;;;;;;;x,,,,,,,,,,,,,,,,,,,,;;;;;;;;;;;;;;;;;;;;;;;;;;;;
ansei_purge;Репрессии годов Ансэй;;;;;;;;;;;;x,,,,,,,,,,,,,,,,,,,,,,;;;;;;;;;;;;;;;;;;;;;;;;;;;;
meddled_in_foreign_affairs;Вмешательство в иностранные дела;;;;;;;;;;;;x,,,,,,,,,,,,,,,,,,,,,,;;;;;;;;;;;;;;;;;;;;;;;;;;;;
no_freedom;Попытка освобождения;;;;;;;;;;;;x,,,,,,,,,,,,,,,,,,,,,,;;;;;;;;;;;;;;;;;;;;;;;;;;;;
no_freedom_desc;Мы попытались освободиться от иностранного правления. Надо подождать, пока не появится другая возможность, а пока они пристально следят за нами.;;;;;;;;;;;;x,,,,,,,,,,,,,,,,,,,,,;;;;;;;;;;;;;;;;;;;;;;;;;;;;
russification_of_poland;Русификация Польши;;;;;;;;;;;;x,,,,,,,,,,,,,,,,,,,,,;;;;;;;;;;;;;;;;;;;;;;;;;;;;
russification_of_baltics;Русификация Прибалтики;;;;;;;;;;;;;;;;;;;;;;;;;;;;;;;;;;;;;;;;
russification_of_finland;Русификация Финляндии;;;;;;;;;;;;;;;;;;;;;;;;;;;;;;;;;;;;;;;;
